<?xml version="1.0" encoding="utf-8"?>
<COLLADA xmlns="http://www.collada.org/2005/11/COLLADASchema" version="1.4.1" xmlns:xsi="http://www.w3.org/2001/XMLSchema-instance">
  <asset>
    <contributor>
      <author>Blender User</author>
      <authoring_tool>Blender 4.5.8 LTS commit date:2026-03-16, commit time:16:54, hash:d7359176d0d3</authoring_tool>
    </contributor>
    <created>2026-04-04T00:21:10</created>
    <modified>2026-04-04T00:21:10</modified>
    <unit name="meter" meter="1"/>
    <up_axis>Z_UP</up_axis>
  </asset>
  <library_effects>
    <effect id="Material_002-effect">
      <profile_COMMON>
        <newparam sid="RobocupUV_2789_png-surface">
          <surface type="2D">
            <init_from>RobocupUV_2789_png</init_from>
          </surface>
        </newparam>
        <newparam sid="RobocupUV_2789_png-sampler">
          <sampler2D>
            <source>RobocupUV_2789_png-surface</source>
          </sampler2D>
        </newparam>
        <technique sid="common">
          <lambert>
            <emission>
              <color sid="emission">0 0 0 1</color>
            </emission>
            <diffuse>
              <texture texture="RobocupUV_2789_png-sampler" texcoord="UVMap"/>
            </diffuse>
            <index_of_refraction>
              <float sid="ior">1.5</float>
            </index_of_refraction>
          </lambert>
        </technique>
      </profile_COMMON>
    </effect>
  </library_effects>
  <library_images>
    <image id="RobocupUV_2789_png" name="RobocupUV_2789_png">
      <init_from>RobocupUV_2789.png</init_from>
    </image>
  </library_images>
  <library_materials>
    <material id="Material_002-material" name="Material.002">
      <instance_effect url="#Material_002-effect"/>
    </material>
  </library_materials>
  <library_geometries>
    <geometry id="Cube_004-mesh" name="Cube.004">
      <mesh>
        <source id="Cube_004-mesh-positions">
          <float_array id="Cube_004-mesh-positions-array" count="1374">-0.9089123 0.02190172 0.506648 -0.8768742 0.05536884 -0.5151038 -0.01338839 -0.9959995 0.511808 -0.01511365 -0.9794504 -0.5425274 0.9018586 -0.01080638 0.5056865 0.9039804 -0.03590971 -0.5410507 0.009413182 0.9806053 0.5398679 0.01219362 0.970122 -0.4619035 0.02477461 0.01429206 -0.5619739 -0.009042024 -0.005490839 0.5537569 -0.01166683 0.863486 0.007681548 0.7844987 -0.01784318 -0.02284801 -0.01967281 -0.8667502 -0.009330213 -0.6737095 0.04261451 -0.01990616 -0.910663 0.5098152 0.5416045 -0.9144156 -0.4401054 -0.5328971 -0.4714162 -0.995372 0.5157607 0.4454582 -1.001393 -0.5497888 0.9118276 -0.5070819 0.4986099 0.9048252 0.4615285 -0.5090193 0.4601869 0.9706012 0.502045 -0.4356696 0.9889588 -0.4242302 -0.90632 -0.4669425 0.4757522 -0.8818184 0.498783 -0.493946 0.4443205 -1.001878 0.5177013 -0.4723645 -0.9664453 -0.5423935 0.9057413 0.4753584 0.4379763 0.900823 -0.5224509 -0.4979228 -0.4440121 0.9794258 0.5408192 0.4624195 0.9567229 -0.4927054 0.01412636 0.4803144 -0.5037695 0.001650154 -0.4818939 -0.5342999 0.4645518 -0.02358037 -0.5740537 -0.4251523 0.01216423 -0.544467 3.48689e-4 0.4908921 0.5192448 4.29601e-4 -0.4962186 0.5100551 -0.4569075 0.003373563 0.545269 0.45073 -0.01697021 0.5055447 -0.4311534 0.9125505 0.003353893 0.4343448 0.8503794 0.01723003 0.01821684 0.9582766 0.279246 0.00970906 0.9128656 -0.2095015 0.8981944 0.4658942 -0.02368015 0.806145 -0.5058801 0.005261898 0.854372 -0.02110373 0.2389789 0.8891629 -0.02186989 -0.268416 0.4406716 -0.8999608 -0.006976664 -0.4632498 -0.8745675 -0.008508741 -0.0157786 -0.9954805 0.2442475 -0.009173095 -0.9156104 -0.2776151 -0.7993583 -0.4414084 -0.002098023 -0.6988258 0.5154969 -0.002602934 -0.8666233 0.03449994 0.2472124 -0.7812221 0.04264432 -0.3015415 -0.8834745 0.5040749 -0.228154 -0.8228414 0.5300557 0.2867868 -0.7564925 -0.4490271 0.2770493 -0.467723 -0.8928642 -0.2778222 -0.4733707 -0.9635827 0.2519329 0.4379011 -0.9041049 0.2771718 0.7944957 -0.510061 -0.2566212 0.8666307 -0.5015878 0.2585583 0.8524358 0.4721871 0.2240054 0.429908 0.9169201 -0.2824864 0.4360204 0.9394697 0.2391067 -0.4405577 0.9813965 0.2788603 0.4529746 -0.5056126 0.5334994 -0.4586343 -0.490446 0.514209 -0.4601548 0.4846339 0.5472844 -0.4554015 -0.4763447 -0.5083056 0.4513242 -0.5090181 -0.5038063 0.45661 0.4639557 -0.5011654 -0.4232009 0.5107719 -0.5201386 0.4527838 0.480802 0.4896026 -0.439229 0.925343 -0.2089294 0.8097764 0.4641828 -0.2642694 0.4396618 -0.9642288 -0.2863556 -0.8983704 -0.429998 -0.2686355 -0.9114481 0.7563519 0.5350372 -0.9212063 -0.6884039 -0.5259739 -0.7030151 -0.984937 0.5076599 0.6756706 -1.010511 -0.5350454 0.9086483 -0.7568627 0.5065015 0.89541 0.7088152 -0.533169 0.6880444 0.9753236 0.4965448 -0.6576885 0.9985929 -0.4778941 -0.9144474 -0.2245524 0.5173735 -0.8691896 0.271611 -0.4110779 0.2167285 -0.9986879 0.5176383 -0.2434942 -0.9650436 -0.524206 0.9036614 0.232446 0.475104 0.9134708 -0.2775078 -0.4926662 -0.2169665 0.985135 0.5417379 0.2369649 0.9604901 -0.4732046 0.01635944 0.7297604 -0.520945 0.008689224 -0.2356996 -0.5737009 0.6782149 -0.03172093 -0.4813648 -0.200832 0.01792329 -0.5005369 1.89467e-4 0.7341851 0.5742521 -0.001271903 -0.2522573 0.5555378 -0.6826727 0.005137622 0.5103287 0.2251675 -0.009183645 0.5645785 -0.6208925 0.8891009 0.02321493 0.2061752 0.7711524 -0.001093089 0.02213698 0.9852227 0.4092906 -0.02391904 0.8055114 -0.1258559 0.9056323 0.7162911 -0.0114699 0.8312812 -0.2584379 0.01547533 0.8562109 -0.01646018 0.3753488 0.8700642 -0.01410293 -0.1286844 0.6498076 -0.8957384 -0.00288695 -0.2391923 -0.9479699 -0.01519304 -0.01494652 -0.9669152 0.3786572 -0.00958383 -0.9130177 -0.1370128 -0.8130159 -0.6880136 -0.01186931 -0.7690823 0.2781023 -0.02618825 -0.8588155 0.02830505 0.3816487 -0.6855272 0.04178881 -0.1787983 -0.8923686 0.2676892 0.4976409 -0.8942051 -0.191846 -0.5287977 -0.2426198 -0.992499 0.516264 0.2149487 -0.9856979 -0.5552779 0.914101 -0.2571756 0.4942601 0.9027708 0.2144525 -0.532926 0.2345882 0.9784079 0.5233112 -0.2093804 0.9738308 -0.4218577 -0.9180913 -0.7101586 0.4937416 -0.8937484 0.7508129 -0.4991773 0.6756933 -1.00027 0.5136683 -0.7052665 -0.9549688 -0.544138 0.8966031 0.7224929 0.4190841 0.9009274 -0.7700279 -0.4895606 -0.672948 0.9911749 0.5425634 0.6834572 0.9516445 -0.5348807 0.02605056 0.2392266 -0.4370012 -0.005943775 -0.7309951 -0.5370531 0.2483939 -0.001939237 -0.4988228 -0.6510705 0.02275663 -0.5123836 -0.00656408 0.2376163 0.4943943 -0.002838969 -0.7463512 0.4914797 -0.2347186 -0.006988525 0.4968574 0.679278 -0.01404678 0.5537562 -0.227296 0.8179477 0.05676329 0.6653404 0.9004494 0.002105414 0.01151913 0.911946 0.132036 0.009562015 0.9657777 -0.3301802 0.8020574 0.2328417 -0.02789306 0.7985321 -0.7442259 -0.01183283 0.814653 -0.01801955 0.1103547 0.9005148 -0.02296549 -0.4077714 0.2137898 -0.8414935 -0.01724559 -0.6849693 -0.8806584 -0.008796274 -0.01712888 -0.9416249 0.1180785 -0.01510471 -0.9546062 -0.4130901 -0.6881926 -0.2107666 -0.01995927 -0.6948491 0.7438142 0.03154689 -0.7456463 0.03806579 0.1467258 -0.8784803 0.05014878 -0.3825895 -0.8904744 0.2548268 -0.2300716 -0.8835695 0.7502828 -0.2285443 -0.8096597 0.5065177 -0.07720941 -0.8750367 0.5030214 -0.3605757 -0.8620133 0.2852029 0.2585573 -0.9052351 0.761712 0.2703648 -0.8698564 0.5154517 0.4135274 -0.7404401 0.5351439 0.1638861 -0.797181 -0.6932842 0.2689155 -0.8494716 -0.2152704 0.2562699 -0.8640795 -0.4622901 0.3540913 -0.7290185 -0.4529327 0.1223267 -0.2375302 -0.8722634 -0.2735024 -0.6898232 -0.8788438 -0.2781231 -0.468202 -0.8958749 -0.1428834 -0.466704 -0.9044088 -0.4212904 -0.2456666 -1.006425 0.2501766 -0.6891473 -0.9125642 0.2609389 -0.4715414 -0.9685656 0.3851096 -0.4675773 -0.9188 0.1228939 0.6605801 -0.9053562 0.28116 0.2080559 -0.9345209 0.2560039 0.4423096 -0.9942454 0.3795761 0.4391134 -0.8665745 0.1448736 0.8133177 -0.2593091 -0.2649139 0.870226 -0.7481324 -0.2804289 0.8644239 -0.4977255 -0.1334456 0.8371689 -0.5084736 -0.3834735 0.7945669 -0.2614144 0.2649568 0.8451721 -0.7458835 0.2638234 0.8354601 -0.5078472 0.3889545 0.7913212 -0.5103698 0.1465833 0.8720956 0.7175458 0.2513393 0.8729995 0.2241737 0.2156968 0.8036282 0.4700708 0.3483945 0.8358418 0.4765594 0.0899201 0.2178473 0.8217057 -0.2641381 0.6515603 0.9261503 -0.2646805 0.4340163 0.8877078 -0.139895 0.454302 0.8599081 -0.4023385 0.2232886 0.8465317 0.2874642 0.6641235 0.9564381 0.2378193 0.453615 0.9413869 0.3724326 0.4471352 0.8100682 0.1462458 -0.6674145 0.9290199 0.2871677 -0.2092028 0.9999722 0.2783498 -0.437047 0.9814619 0.4097179 -0.443471 0.9441037 0.14772 0.4581927 -0.2599505 0.5738875 0.449513 -0.7550614 0.5586028 0.2255219 -0.5060614 0.5587258 0.6803411 -0.508217 0.5028634 -0.4628022 -0.2402451 0.4989155 -0.4606252 -0.7423884 0.5181055 -0.6866068 -0.4875058 0.5358167 -0.228146 -0.4934377 0.5269629 -0.4556425 0.7321469 0.5064399 -0.4519409 0.243107 0.6015598 -0.6865582 0.49864 0.5936158 -0.229326 0.4860562 0.5115237 -0.4404305 -0.2319353 -0.5198604 -0.4626483 -0.7187578 -0.5461941 -0.2259804 -0.472317 -0.5020332 -0.6862274 -0.4620215 -0.5377461 0.4623765 -0.2668964 -0.5526203 0.4465481 -0.7520834 -0.551607 0.6769763 -0.5173861 -0.555633 0.2301717 -0.4859863 -0.5551444 0.4622763 0.7099099 -0.5373646 0.4605292 0.2220371 -0.5640612 0.6912 0.4562187 -0.5364456 0.2365161 0.4795082 -0.5820878 -0.437015 0.7566611 -0.5143318 -0.4301093 0.2623213 -0.5387888 -0.2067413 0.5033878 -0.433363 -0.6506493 0.5009996 -0.4699374 0.4597123 0.7244096 0.5536689 0.4490483 0.2309164 0.4822658 0.2297255 0.4804005 0.5584838 0.6851056 0.4770379 0.4891002 -0.6613644 0.8937302 -0.2431879 -0.2149071 0.8730925 -0.1988801 -0.4347923 0.8227435 -0.0941925 -0.4436458 0.8895705 -0.3389777 0.8027443 0.7002403 -0.2614142 0.8545526 0.2221841 -0.2935263 0.9060782 0.4680483 -0.1582794 0.7980178 0.4620254 -0.4098852 0.6684445 -0.9817981 -0.2770108 0.219098 -0.8893225 -0.3007537 0.4394862 -0.9170943 -0.1401669 0.4437173 -0.9824176 -0.420072 -0.8508636 -0.6747121 -0.2807108 -0.7791625 -0.2081841 -0.3040608 -0.8575187 -0.4326559 -0.1356409 -0.9128484 -0.4327567 -0.4001986 -0.8385317 -0.1935453 -0.4133887 -0.7205937 -0.2115908 -0.1677354 -0.8638033 -0.6809002 -0.1472636 0.2162097 -0.9306573 -0.4331479 0.2152337 -0.8567531 -0.1524444 0.6583816 -0.9043381 -0.1454994 0.8106542 0.2104698 -0.429489 0.832369 0.2307761 -0.158591 0.8512843 0.7074667 -0.1313749 -0.2084684 0.8779855 -0.3323481 -0.2186038 0.9032956 -0.04962599 -0.6383579 0.8316369 -0.09942865 0.6802147 0.2262147 0.4863045 0.21824 0.2348728 0.5047035 0.2285834 0.7303726 0.5455074 -0.6367009 0.2566906 -0.4330144 -0.2002294 0.2652665 -0.5012286 -0.2097623 0.7413648 -0.5105552 0.2271813 0.2325256 -0.564268 0.6802749 0.2151175 -0.4870952 0.6922105 0.7043767 -0.5158834 0.224108 -0.7355347 -0.5599935 0.6761556 -0.7631934 -0.540443 0.6916555 -0.268932 -0.5551486 -0.6929192 -0.7083001 -0.5159313 -0.2328775 -0.7168732 -0.5533778 -0.2127252 -0.2260673 -0.5365119 -0.2271714 0.2359419 0.5493382 -0.6792604 0.2498319 0.5625104 -0.6830612 0.7414203 0.53104 -0.2295442 -0.7448706 0.5497373 -0.6932615 -0.7375351 0.5286843 -0.6875581 -0.2380011 0.5569213 0.6820302 -0.7535735 0.5510122 0.2163439 -0.7543155 0.5722685 0.2260534 -0.2580534 0.5910128 -0.2139742 0.92879 0.151673 -0.2080029 1.016928 0.4114739 -0.6655148 0.9377318 0.4194954 0.6675179 0.8718134 0.1317759 0.6823693 0.9422965 0.3679449 0.2356982 0.8917075 0.4217247 0.6649365 0.9265485 -0.4026425 0.6589056 0.8918724 -0.1357094 0.1995497 0.87507 -0.1385571 0.7969462 0.230584 0.1045694 0.8628194 0.2296096 0.3478612 0.7820768 0.7173135 0.3505052 0.8221758 -0.7442267 0.1279698 0.8361772 -0.7585843 0.3965615 0.8819546 -0.2636453 0.3662018 0.8085606 -0.7603594 -0.3970355 0.8835847 -0.7477641 -0.1451526 0.7975224 -0.2532858 -0.1209442 0.2060978 -0.8816191 0.1305493 0.215731 -0.9515039 0.3896206 0.671534 -0.9775769 0.3846728 -0.6756196 -0.9336435 0.1224964 -0.7000321 -0.9786519 0.3750895 -0.2440671 -0.997345 0.3826608 -0.6943509 -0.9032268 -0.4169863 -0.6873552 -0.8559163 -0.1434687 -0.2382732 -0.8850156 -0.1374478 -0.7837911 -0.2065231 0.1070275 -0.8798516 -0.2169144 0.3873946 -0.8202451 -0.7024555 0.405597 -0.8212432 0.7562708 0.1360203 -0.8845817 0.7602888 0.4037408 -0.8240269 0.2740022 0.3857526 -0.8927428 0.7518047 -0.3644196 -0.767189 0.7350856 -0.09412938 -0.7435374 0.2882205 -0.1684916 -0.7903922 0.2723967 -0.3150842 -0.7540079 0.2889706 0.1602056 -0.7602602 -0.6914862 0.125217 -0.2368664 -0.887014 -0.4159532 -0.2424088 -0.9662624 0.1227211 0.6508836 -0.8802435 0.1499362 0.9093573 -0.2684383 -0.3616696 0.7643232 -0.2607305 0.1365811 0.8731169 0.7181118 0.118768 0.2375521 0.9237062 -0.3467497 0.2070794 0.7797364 0.1358886 -0.6647345 0.9577322 0.1584588 0.6828443 -0.2595127 0.511815 -0.2340093 -0.2490202 0.547075 -0.228811 0.7338604 0.5516141 -0.6674709 -0.2180067 -0.5601038 0.2354918 -0.2409828 -0.545476 0.2384855 0.7272549 -0.5627077 -0.6638388 0.7492753 -0.4758895 0.6926333 0.7261741 0.5227863 -0.6553282 0.9870056 -0.3455276 0.8151538 0.7041119 -0.4009222 0.6721395 -1.029762 -0.4043136 -0.9163823 -0.6818774 -0.3953168 0.8439611 -1.006731 0.5201653 0.9106997 -0.937586 0.5241817 0.8860847 -0.9825115 0.5204043 0.8507769 -0.9407982 -0.5279166 0.8458626 -1.012488 -0.5399501 0.8830555 -0.9791237 -0.5409391 0.8323081 -0.8524351 -6.93771e-4 0.7684071 -0.8735078 -0.00275588 0.8052297 -0.8707019 -0.002846717 0.8580532 -0.906855 0.2649898 0.7949549 -0.9527156 0.2717987 0.8353821 -0.946538 0.2703257 0.8986949 -0.9222862 -0.2773375 0.8330675 -0.9715146 -0.2784534 0.8819072 -0.9669107 -0.2750627 0.8367733 -0.9817886 0.3895411 0.902269 -0.926567 0.3904942 0.8846032 -0.974155 0.3881152 0.8078069 -0.9239667 -0.1453856 0.8793854 -0.8886202 -0.1465479 0.8505312 -0.9144597 -0.1484169 0.7593584 -0.9268189 0.1397849 0.7988716 -0.873685 0.1412053 0.7940757 -0.9143441 0.140336 0.8374405 -0.9851279 -0.4092354 0.9047152 -0.9213997 -0.4079453 0.8879324 -0.9724078 -0.4078823 -0.8865303 -0.8843652 0.5177621 -0.8670852 -0.9625529 0.5029016 -0.910044 -0.9323742 0.5023847 -0.8638938 -0.9081067 -0.5405306 -0.9346544 -0.8643731 -0.5359638 -0.9147473 -0.9155628 -0.5376049 -0.8121769 -0.907424 -0.0151568 -0.842027 -0.8334699 -0.009741723 -0.844403 -0.8805451 -0.009092271 -0.8238754 -0.9276265 0.2514362 -0.8461722 -0.8449869 0.2629801 -0.8527318 -0.8944917 0.2580919 -0.8363811 -0.8863504 -0.2800436 -0.8934001 -0.8279694 -0.2789934 -0.8785963 -0.8708953 -0.2783972 -0.8349003 -0.8777361 0.3956871 -0.8600853 -0.970822 0.3716947 -0.8384639 -0.9309 0.3879768 -0.8587363 -0.834205 -0.1518446 -0.8326565 -0.8786295 -0.1490341 -0.8791086 -0.872541 -0.146218 -0.7938311 -0.8288912 0.1318827 -0.7838925 -0.896051 0.1251212 -0.8065513 -0.8700023 0.1298278 -0.9076672 -0.8521257 -0.4078508 -0.8519464 -0.920588 -0.4089703 -0.8961567 -0.9017281 -0.4065546 -0.8576186 0.9764902 0.5393926 -0.9054263 0.9546629 0.5472801 -0.8909626 0.9878682 0.5426464 -0.8838661 0.9501675 -0.4813672 -0.8412002 0.9697529 -0.475335 -0.8732718 0.9854788 -0.4775326 -0.7282315 0.8852131 0.04694932 -0.7465121 0.8825793 0.04691702 -0.7414919 0.9064905 0.04732877 -0.8081572 0.9776679 -0.2159025 -0.8149858 0.9176366 -0.2467526 -0.8122807 0.9509462 -0.2374286 -0.8376482 0.9834555 0.2859703 -0.9002503 0.9600368 0.2816926 -0.8729116 0.9865392 0.282868 -0.8967059 0.9525199 -0.3498392 -0.8452637 0.9978371 -0.345824 -0.8848019 0.9901916 -0.3452129 -0.8603178 0.9434356 0.1535891 -0.823055 0.9696928 0.157631 -0.855109 0.9767132 0.1517134 -0.8011595 0.8752802 -0.08438366 -0.7497711 0.8820986 -0.09158253 -0.7783616 0.8851078 -0.08860671 -0.9044944 0.9590486 0.4137793 -0.8514848 0.9448029 0.4110703 -0.8704475 0.9747402 0.4128594 0.9028538 0.8749661 0.4277859 0.8307911 0.9681916 0.4957607 0.8819606 0.9404588 0.4570099 0.811442 0.9492322 -0.5279832 0.8894987 0.8525103 -0.5298316 0.8671638 0.919149 -0.5293723 0.809955 0.934718 -0.008781671 0.9095174 0.8654987 -0.005859553 0.8737995 0.9224017 -0.008196532 0.7952888 0.9742101 0.2392266 0.863729 0.866197 0.257931 0.8211891 0.9171287 0.2487614 0.7460576 0.8777605 -0.2606499 0.798077 0.8102901 -0.2557058 0.7954088 0.8654987 -0.2599353 0.7850898 0.869122 0.3653572 0.8063881 1.000156 0.3690878 0.7804863 0.9392769 0.3718612 0.8417212 0.8446509 -0.1182298 0.7870035 0.9240004 -0.1368953 0.8466221 0.9051228 -0.1337429 0.8816813 0.8593629 0.1257373 0.7970756 0.9166404 0.1219621 0.859077 0.9184643 0.1243019 0.8399474 0.8210364 -0.3872646 0.7710475 0.911024 -0.3922851 0.8145433 0.8770124 -0.3948938</float_array>
          <technique_common>
            <accessor source="#Cube_004-mesh-positions-array" count="458" stride="3">
              <param name="X" type="float"/>
              <param name="Y" type="float"/>
              <param name="Z" type="float"/>
            </accessor>
          </technique_common>
        </source>
        <source id="Cube_004-mesh-normals">
          <float_array id="Cube_004-mesh-normals-array" count="1374">-0.1313691 0.06948912 -0.9888951 0.05518054 0.9055533 -0.4206286 -0.07092088 0.1759927 -0.9818334 0.03165179 0.05833792 -0.9977951 -0.09838551 0.1858653 -0.9776372 0.003317296 0.006132125 -0.9999757 -0.8301283 0.1827384 -0.5267769 -0.06919324 0.161189 -0.9844951 0.03944432 0.06064248 -0.9973799 0.02456986 -0.05433833 0.9982203 -0.0450403 0.661894 0.7482431 -0.1150692 -0.08919918 0.9893445 -0.1262226 0.05012458 0.9907348 -0.06303858 0.089899 0.9939539 -0.06806182 -0.05392742 0.9962227 0.1630765 -0.09205669 0.9823094 0.8321021 0.04464393 0.5528228 0.05775761 0.1100891 0.9922422 0.1574465 0.9602698 -0.2304188 0.1470366 0.9609373 -0.2344774 0.2890197 0.8878424 -0.3580551 0.1099572 0.8821601 0.4579335 0.008977532 0.8093917 -0.5872005 0.04071581 0.9471022 0.3183391 0.9953634 -0.03087192 0.09109729 0.9733777 -0.03451204 -0.226594 0.992502 -0.08705812 0.08579391 0.8469579 -0.1155368 -0.5189542 0.9919034 0.1057685 0.07029151 0.917429 -0.1722221 0.3586972 -0.006673753 -0.939512 -0.342451 0.2156484 -0.8861305 -0.4102055 -0.05844211 -0.9710206 -0.2317404 -0.07111799 -0.8906459 -0.4491016 -0.03866356 -0.9614808 0.2721397 -0.08649265 -0.9293651 0.3588866 -0.9957232 -0.09230846 -0.003826558 -0.8309942 0.04869985 -0.5541454 -0.9152715 0.09723275 -0.3909271 -0.9518403 0.05541539 -0.3015449 -0.9059794 -0.0712257 0.4172868 -0.9966855 -0.07152169 -0.03876483 -0.8655357 -0.2855913 0.4114431 -0.7758455 -0.09808659 0.6232519 -0.9395117 -0.06770873 0.3357581 -0.8063769 -0.08771133 0.5848615 -0.9654167 -0.1226916 0.2300379 -0.8084009 -0.00508362 0.5886103 -0.9956116 0.03041559 0.08850258 -0.6450439 -0.1742275 -0.7440183 -0.9905645 -0.1243607 0.05759036 -0.9838578 0.03266507 -0.175946 -0.9383789 0.05034679 -0.3419216 -0.9792814 0.06577807 -0.1915237 -0.9904603 -0.1114338 -0.08106154 -0.9114098 -0.1206022 -0.3934304 -0.9381796 -0.06735903 -0.339532 -0.970117 -0.218377 -0.1057567 -0.8837684 -0.08644187 -0.4598709 -0.7436866 -0.2229945 -0.630241 -0.9288349 -0.1337782 -0.3454988 -0.8471523 -0.1130387 -0.5191871 -0.9661341 0.02026122 -0.2572441 -0.9016937 0.004139602 -0.4323557 -0.9270338 0.1644539 0.3369917 -0.9868711 -0.03235995 0.1582348 -0.04457432 -0.9988234 0.01911127 0.03311693 -0.9876437 0.153177 -0.01820361 -0.986365 -0.1635624 0.01380908 -0.999399 -0.03180032 9.94844e-4 -0.9983819 0.05685657 -0.0269379 -0.9991718 0.03049755 0.03124737 -0.9589117 0.2819785 0.01957005 -0.8495496 -0.5271459 0.01718157 -0.9569078 0.2898835 -0.01191514 -0.9996581 0.02327769 0.1771489 -0.9785665 -0.1050035 0.1349418 -0.9904088 -0.02968263 -0.0525217 -0.976714 -0.2080174 -0.1090653 -0.9845508 -0.1369833 0.02727627 -0.9655507 -0.2587814 -0.1771599 -0.9712132 -0.1592469 -0.07716357 -0.9870641 -0.140536 -0.08470618 -0.9471967 -0.3092626 -0.01268529 -0.9608521 -0.2767714 0.01186704 -0.904132 -0.4270882 -0.03487992 -0.9207509 -0.3885889 0.09226471 -0.9477136 -0.3054934 -0.06835418 -0.9894316 0.1278787 0.02788674 -0.9981414 -0.05418539 0.9262363 -0.1459929 0.3475232 0.9318796 -0.07890146 0.3540835 0.9985814 0.005839467 0.05292695 0.9831908 0.09895485 0.1534401 0.9942932 0.0750584 -0.07581222 0.996241 0.08629626 0.007533133 0.971037 0.2168257 0.1003685 0.9178093 -0.07932037 -0.3890171 0.9339411 -0.05237692 0.3535686 0.926698 0.004441201 -0.3757808 0.9763141 -0.09791707 -0.1929329 0.9847283 0.02505981 -0.1722858 0.9946085 0.01528275 -0.1025691 0.9723472 -0.1161921 -0.2025842 0.9490231 0.133657 -0.285466 0.9963419 0.004809737 -0.08532166 0.9769653 0.04815375 0.2078946 0.9755094 0.11128 -0.189732 0.9903172 0.007588624 -0.1386155 0.9969885 -0.03558766 0.06890344 0.9719093 0.0943396 -0.2156208 0.9695379 -0.1386643 0.2019124 0.9729064 -0.1773041 0.1483793 0.9652699 -0.03237986 -0.2592407 0.02130687 0.9951848 0.09567266 0.01014316 0.8736231 0.4864977 -0.02076357 0.985967 0.1656446 0.1553072 0.9843671 0.08307433 -0.1315504 0.9803856 0.1467607 -0.05545467 0.9983376 0.01571434 0.01683288 0.9800138 0.198216 -0.1102084 0.9522425 -0.2847605 -0.003120899 0.9786471 0.2055242 0.0995016 0.8907247 -0.4435189 0.2923136 0.9144573 -0.2798582 0.2114129 0.9682349 -0.133513 -0.1157488 0.9587082 -0.2597711 -0.1716996 0.97887 -0.1110526 -0.1821595 0.9791851 -0.08952325 -0.2578594 0.9360911 -0.2392533 -0.1935064 0.9427014 0.2717892 -0.2642871 0.9293429 -0.2578257 0.02770441 0.9514625 -0.3065154 -0.142324 0.9897801 0.008904516 -0.02464479 0.9989677 0.03816092 0.05991125 0.8546317 -0.5157667 -0.03166568 0.9034701 -0.4274799 0.02533221 0.9622113 -0.2711231 -0.02538001 0.003061532 0.9996732 0.029136 0.1834201 0.9826028 0.07578426 0.1398073 0.9872744 0.04285144 -0.04473555 0.9980794 -0.07914137 -0.05049121 0.9955839 -0.147589 -0.0790776 0.9858825 0.8821004 0.1709018 0.4389665 0.09721595 0.05704969 0.993627 0.09578847 0.03825402 0.9946664 0.009119451 0.01644265 0.9998233 -0.0567016 -0.07429569 0.9956231 0.02671229 0.03669244 0.9989696 -0.03458213 -0.01708203 0.999256 -0.005322575 0.01307487 0.9999005 -0.05273753 -0.02079546 0.9983919 -0.01894193 0.001623153 0.9998193 0.007244706 -0.04175198 0.9991018 0.03211224 0.006417214 0.9994637 0.02019101 0.06407624 0.9977408 -0.07178997 0.694838 0.7155742 0.01804012 0.8212717 0.5702521 -0.1539405 -0.08840548 0.9841173 0.1421441 0.1336741 0.9807784 -0.03334009 0.04196816 0.9985625 0.06449103 0.1010459 0.9927893 0.05154377 0.004223346 0.9986618 0.1636102 0.03288632 0.9859768 -0.0829817 -0.02587658 -0.9962151 -0.003952801 -0.004339635 -0.9999828 0.03955149 0.1315639 -0.9905184 0.001083493 0.01505541 -0.9998861 0.03792059 0.02914053 -0.9988558 -0.06746518 0.04584097 -0.996668 -0.7298701 0.01244091 -0.6834727 0.05928879 -0.07839053 -0.9951582 -0.01473432 0.04178529 -0.999018 0.0311771 -0.03272658 -0.998978 0.03937631 0.09026616 -0.995139 0.06832659 0.08363914 -0.9941509 0.01173871 0.0568276 -0.998315 0.06791174 -0.02424603 -0.9973967 0.1189081 -0.01462817 -0.9927976 -0.004519045 0.02389615 -0.9997043 -0.09512239 -0.03978031 -0.9946705 0.05938625 -0.0312885 -0.9977446 0.1020749 0.009445667 -0.9947319 0.04101324 0.7494909 -0.6607431 0.01012068 -0.03701609 -0.9992635 0.06800901 0.04343497 -0.9967388 0.008919417 0.0385704 -0.9992161 0.07585644 -0.102167 -0.9918708 -0.1157104 -0.04699885 -0.9921705 -0.2580232 -0.04840588 -0.9649254 -0.0211777 -0.02629506 -0.99943 -0.02952897 0.1408314 -0.9895932 -0.128494 0.9699392 -0.2066575 0.01982134 0.05534374 -0.9982706 0.1707083 0.03871625 -0.9845607 0.01559704 0.02855175 -0.9994707 0.06866407 0.01165097 -0.9975719 -0.1083033 -0.08181637 -0.9907455 -0.2593391 0.1056326 -0.9599922 0.02033668 0.055323 0.9982614 -0.03922772 0.8486863 0.5274398 0.2011414 0.8760299 0.438308 0.03374195 0.05300122 0.9980242 0.1216968 -0.1676751 0.9783021 0.02436339 -0.1243651 0.9919375 0.8325306 0.03021162 0.5531549 0.1354075 -0.04256683 0.9898752 0.01186227 0.08920001 0.9959431 0.04791432 0.9944333 0.09384477 -0.06247115 0.9978557 -0.01952952 0.06639003 0.992704 0.1006544 0.1010563 0.9328963 0.3456767 -0.08297276 0.9139619 0.397227 0.9946181 0.002315163 0.1035842 0.9457933 0.01372438 -0.3244791 0.9536138 -0.05206489 -0.2964963 0.9572653 0.1858987 0.2215512 0.9528226 0.02026176 -0.3028507 0.9428567 4.24659e-4 0.3331983 -0.09245747 -0.9603901 0.2628737 -0.1195177 -0.9725192 0.1998054 -0.02696412 -0.9889569 0.1457301 -0.1002436 -0.8087583 -0.5795353 -0.1437859 -0.977806 0.1523843 -0.09051531 -0.9420276 0.3230961 -0.8883725 0.2237046 0.4009371 -0.8961098 0.2770422 0.3467491 -0.902832 0.2884135 0.3189234 -0.9811618 0.1199591 0.1514312 -0.8834269 0.1175213 0.453592 -0.9666458 0.1923565 0.1691003 -0.6795697 0.1478691 -0.718554 -0.9530241 0.2309827 -0.1959393 -0.9775711 -0.1220729 -0.1716184 -0.9278844 0.1150512 0.3546741 -0.9844803 0.02464616 0.173756 -0.1673901 -0.9537268 0.2497715 -0.02128386 -0.988247 0.1513768 -0.03870952 -0.7761836 -0.6293177 -0.04901909 -0.9975657 -0.04959797 0.174914 -0.9763261 -0.1272504 0.03188073 -0.9988672 0.0353282 -0.01840406 -0.9524366 0.3041807 0.983051 0.1772279 -0.04691457 0.9858976 -0.006537497 0.1672222 0.8363459 0.07932215 -0.5424333 0.9579128 -0.1458065 0.2472724 0.9827505 3.98411e-4 0.1849362 0.9313176 0.1210247 -0.3435121 0.9958108 -0.03439843 -0.08472162 0.9896803 0.04747229 -0.1352012 0.02387243 0.9739387 0.225552 0.1133453 0.9798572 -0.1644161 -0.00435847 0.9191173 -0.3939599 0.1757848 0.9843502 0.01243305 0.06249928 0.05389994 0.9965886 -0.0602461 -0.1299312 0.9896911 0.07450443 0.7134763 0.696707 0.07349395 0.02850711 0.9968882 -0.08427095 0.05510455 -0.9949181 -0.1993001 0.04317182 -0.978987 0.08911991 0.04032671 -0.9952043 0.07031023 0.006335735 -0.9975051 0.6385345 0.05520379 -0.7676108 0.8169485 -0.04571735 -0.5748956 -0.02252143 -0.02164626 -0.999512 -0.01463425 -0.7576878 -0.6524531 -0.02755278 -0.006575286 -0.9995988 0.9375054 0.14693 -0.3154286 0.0334143 -0.7094686 -0.7039445 -0.04786074 0.07261711 -0.9962109 -0.07147961 -0.7929666 -0.6050577 -0.06075388 -0.01490533 -0.9980416 0.02112078 -0.05472409 -0.9982782 0.0314036 -0.004122793 0.9994983 0.02407711 -0.204288 0.9786147 -0.9337757 -0.03162729 0.3564585 -0.8382122 -0.02225744 0.5448898 -0.849357 0.02285301 0.527324 -0.7725439 -0.03953033 0.6337298 0.01204603 -0.01620107 0.9997962 -0.02056962 -0.003331303 0.9997829 -0.01781535 -0.7240385 0.6895295 -0.04485797 -0.7714784 0.6346724 0.09460133 -0.7694028 0.63172 -0.9581564 0.03532952 0.2840568 -0.9089787 -0.09349673 0.4062219 -0.03987693 -0.7659978 0.6416053 -0.8139269 -0.008056044 0.5809116 0.1262499 -0.004034161 0.9919903 -0.01411008 -0.8163295 0.5774142 0.01781469 -0.7861607 0.6177654 -0.06565308 -0.1208924 0.9904922 -0.1133219 -0.8329203 0.541666 -0.07055395 -0.06235194 0.9955574 0.1192134 0.001830339 0.9928671 -0.08277207 0.9894232 -0.119124 -0.03344094 0.9786882 -0.2026109 -0.02313697 0.9959796 0.08654159 -0.286587 0.8614276 -0.4192976 -0.07130193 0.784179 0.6164247 0.1158315 0.9148527 -0.3868173 -0.09245771 0.9951342 -0.03405207 -0.1985127 0.9752863 0.09700316 0.0226705 0.9600986 0.2787412 0.04990214 0.965975 0.253776 0.9698914 0.02536344 -0.2422136 0.9554841 0.1486498 0.2548596 0.9993959 -0.009845614 0.03333193 0.9355522 -0.01791185 0.352734 0.9892576 0.05854243 -0.1339488 0.9696032 0.01092487 -0.2444391 0.8772274 -0.07343357 0.4744257 0.8274687 0.02432608 0.5609849 0.9674584 0.1958349 -0.160228 0.9706281 0.147444 0.1901094 0.1630007 -0.9606854 -0.2247538 -0.03185325 -0.9440352 -0.328303 -0.1611007 -0.9140701 -0.372186 -0.1628775 -0.9766851 -0.139847 -0.06072688 -0.9903858 -0.1242914 0.006528675 -0.9875227 0.1573418 0.02559822 -0.9820729 -0.1867557 -0.8372349 -0.0847454 -0.540237 -0.9028576 0.008438944 -0.4298573 -0.9502915 0.1520394 -0.2717168 -0.9685904 -0.1771057 -0.1745461 -0.9459262 0.1168192 0.3026168 -0.9354518 0.1136091 0.3346983 -0.9495009 -0.2464253 0.1942229 -0.9584409 0.1047381 -0.2653696 -0.9809049 0.1760797 0.08259302 -0.2166042 -0.9750953 -0.04766315 0.8807306 -0.03504341 -0.4723196 0.9895276 -0.09614616 0.107662 -0.01464897 0.9815787 -0.1904966 -0.7303297 0.01287251 -0.6829736 -0.03791588 0.7597539 -0.6491045 0.2242906 0.9606928 -0.163594 -0.04217457 -0.002381622 -0.9991074 0.2522494 -0.04136836 0.9667776 0.2659921 0.8493449 0.4559183 0.1663573 0.9220669 0.3494538 0.9418989 -0.1081385 0.3180136 -0.05676978 -0.9189196 0.3903384 -0.001411437 -0.9964323 0.08438557 -0.9827022 0.06569397 0.1731495 -0.9725576 0.03044152 0.2306623 0.9635814 -0.06988567 -0.258122 0.5683066 -0.6128154 0.5490763 0.637557 -0.7352054 -0.2302046 0.09031867 -0.975615 -0.2000446 0.8984298 -0.3545832 0.2590268 0.4480679 -0.8189805 0.3584779 0.8932669 -0.3674238 0.2589864 0.358011 -0.9233875 0.1385054 0.07986599 -0.9268751 0.366775 0.9285829 -0.1603628 -0.3346903 0.6901252 -0.6535546 -0.3107952 0.9809594 -0.1315595 -0.1428665 -0.0419771 -0.9613247 -0.2721999 -0.001186311 -0.9799686 -0.1991487 0.9807068 -0.1271169 0.1485117 0.7147366 -0.6977431 -0.04802417 0.9916861 -0.06285911 -0.1122838 0.1169031 -0.9603467 0.2531166 0.2381505 -0.9670991 0.08946377 0.5027783 -0.7871602 -0.3572018 0.5805458 -0.7770656 0.2431783 0.09802025 -0.9948031 -0.02754861 0.4735683 0.197057 -0.8584299 0.7638897 -0.07820099 -0.6405913 0.2750784 -0.739404 -0.6145028 0.1966189 -0.8194439 0.5383799 0.7640078 -0.2060983 0.6114047 -0.3967517 -0.7612327 0.5129454 -0.9682624 0.2293165 -0.09940832 -0.8141831 -0.5685935 -0.1175047 -0.9256041 -0.2542337 0.2803969 -0.9718939 0.07273775 -0.2239011 -0.04526698 -0.9984636 -0.03195887 -0.8811898 -0.4382353 0.177354 -0.8966275 -0.4402433 0.04738152 -0.9582906 0.1212856 0.2587839 -0.9724952 0.1893825 0.1356007 -0.3753771 -0.8346925 -0.4029648 -0.9781808 -0.1993111 -0.05863058 -0.4185667 -0.9039531 -0.0875827 -0.9717615 0.1969535 -0.1299574 -0.9623078 0.2719626 3.00326e-4 -0.1332601 -0.9786891 0.1562357 -0.7130549 -0.6766966 0.1833971 -0.1941561 -0.9687226 0.1545318 -0.7286428 -0.6569702 0.1935717 -0.9778929 -0.1261784 0.1667472 -0.9607753 -0.1691205 -0.2197934 -0.9738619 -0.1034851 0.2021974 -0.2400966 -0.9705074 -0.02165693 -0.08173525 -0.608879 -0.7890411 -0.4587054 -0.7215893 -0.5185542 -0.8108004 -0.08607912 -0.5789587 -0.7305769 0.03719621 0.6818166 -0.08561158 0.9918051 0.09483277 -0.3083276 0.7190358 -0.6228336 -0.672461 0.6927 0.2606971 -0.9594826 0.1110048 0.2589809 0.2285926 0.9534947 -0.1964514 0.2206817 0.9469243 -0.2337396 -0.5119042 0.7318362 -0.4498553 -0.8535174 0.06315821 -0.5172225 -0.4650702 0.7285161 0.5029653 -0.2216756 0.9460258 0.2364214 0.2835525 0.952089 0.1145629 -0.915634 0.115512 0.3850602 -0.8021067 0.4390022 0.404848 0.2303468 0.969893 0.0790444 0.2519613 0.9677348 0.002224981 0.4961251 0.8682512 5.19924e-5 -0.9079957 0.3989334 -0.1280467 -0.8688325 0.4890521 -0.0771898 -0.9355466 0.008421599 0.3531029 -0.3641831 0.9298136 -0.05307775 0.3350981 0.9109894 -0.2404323 -0.9522159 -0.02622264 -0.3042984 0.1998976 0.6954151 0.6902454 -0.2945541 0.7816996 0.5497124 -0.6520341 0.1490576 0.7433933 -0.656159 0.1631084 -0.7367843 0.1695788 0.5925599 -0.7874743 0.4975823 0.7908197 -0.3563932 0.9109098 0.3462071 0.224464 0.9263328 -0.05183184 -0.3731232 0.9953261 0.07351523 -0.06262308 0.9501657 0.1127831 -0.2906287 -0.008047521 0.9999059 -0.01111745 0.7947345 0.5096572 -0.329616 0.03872841 0.9742161 -0.2222685 0.6237341 0.7723074 -0.1204041 0.9315801 0.01328545 -0.3632934 -0.07477629 0.9942839 -0.07621127 0.8044727 0.5614125 0.1940096 0.5636754 0.8178305 0.1158596 0.8699851 0.3083066 0.3848028 0.9756368 0.1736229 0.1341193 0.3308715 0.9037034 0.2717432 0.7811217 0.6200459 -0.07342952 0.7444304 0.5990822 0.2948288 0.9421252 0.1300165 0.3090241 0.4684277 0.8709718 -0.1482688 0.2296053 0.9732545 0.007561087 0.9983777 0.05223315 -0.02266758 0.9547801 0.2561811 -0.1508849 0.2596918 0.8163713 -0.515847 0.6766937 0.5728668 -0.4625033 0.8197203 0.1778349 -0.5444573 0.4042888 0.5470181 0.7330224 -0.6728264 0.02516192 -0.7393724</float_array>
          <technique_common>
            <accessor source="#Cube_004-mesh-normals-array" count="458" stride="3">
              <param name="X" type="float"/>
              <param name="Y" type="float"/>
              <param name="Z" type="float"/>
            </accessor>
          </technique_common>
        </source>
        <source id="Cube_004-mesh-map-0">
          <float_array id="Cube_004-mesh-map-0-array" count="5472">0.8597403 0.2469208 0.8324194 0.2771802 0.8314827 0.247132 0.8287251 0.1241146 0.8563581 0.1558105 0.827852 0.1547546 0.9725828 0.126785 0.9423483 0.1549258 0.943661 0.124051 0.8233109 0.9018993 0.8460837 0.9217303 0.8231807 0.92273 0.7335894 0.9228183 0.7558781 0.9024215 0.755626 0.9228903 0.7329769 0.8391988 0.755729 0.8193247 0.755369 0.8396897 0.3396409 0.2979646 0.4195929 0.4928994 0.3396409 0.4928994 0.7750238 0.2646747 0.8881492 0.4700719 0.7671709 0.4766811 0.287616 0.374732 0.2233329 0.4943011 0.2233329 0.374732 0.5276777 0.3645638 0.4853838 0.4915774 0.4623519 0.3691077 0.1896159 0.5294223 0.1074382 0.6674221 0.1038809 0.5278942 0.5053504 0.5259049 0.4369668 0.6677431 0.4387977 0.5294253 0.4642014 0.04630917 0.3362836 0.06330311 0.3994113 0.04505175 0.5991335 0.04811799 0.7525589 0.07756584 0.564777 0.04755175 0.6234714 0.9400725 0.6023743 0.9483863 0.6003875 0.9401096 0.495229 0.01777505 0.5395333 0.03303492 0.4861716 0.03222441 0.5910401 0.01787996 0.6317919 0.03411453 0.585426 0.03344964 0.3216847 0.0455721 0.2614075 0.06721872 0.1563126 0.06702798 0.3241282 0.0151475 0.3602307 0.02975606 0.3165519 0.0304616 0.4507696 0.01664561 0.4019665 0.02952754 0.4162868 0.01596057 0.2236465 0.2605733 0.1312712 0.4499016 0.1312712 0.2584291 0.3351713 0.2564647 0.4361829 0.4436392 0.3351713 0.4455365 0.3505113 0.5291472 0.2659804 0.6712931 0.2659789 0.5290926 0.2689797 0.2501091 0.3525369 0.3865108 0.2687732 0.3865167 0.4383304 0.2457085 0.5161346 0.3838618 0.4414803 0.3869741 0.05597835 0.5301659 0.1029634 0.6715278 0.05772662 0.6720182 0.09689813 0.2528544 0.05500918 0.3887172 0.05808091 0.2470164 0.1033466 0.2587347 0.1855626 0.3896389 0.1036626 0.3876777 0.05436134 0.8150226 0.09277111 0.9521674 0.05783361 0.9560454 0.1006487 0.805343 0.1863521 0.9508168 0.09237682 0.9498091 0.4166825 0.374732 0.3519809 0.4943011 0.3519809 0.374732 0.2797033 0.2045167 0.4166825 0.2509527 0.3519809 0.2509527 0.3345218 0.2018899 0.5303398 0.2424306 0.4734801 0.2496289 0.1045733 0.3716264 0.1506776 0.4926953 0.101334 0.4950112 0.1909443 0.2049911 0.09645795 0.2499819 0.150082 0.2022491 0.2204837 0.2053831 0.287616 0.2509527 0.2233329 0.2509527 0.1112655 0.6177259 0.1704376 0.738753 0.1112292 0.7378726 0.287616 0.6175938 0.2233329 0.7369503 0.2233329 0.6175938 0.5853509 0.304065 0.6566983 0.4778976 0.5819256 0.5061103 0.423821 0.09886395 0.3772494 0.18679 0.3722212 0.09705013 0.4788482 0.09151297 0.5177845 0.171818 0.4821174 0.1742361 0.08241146 0.2905008 0.2274257 0.4928994 0.09535843 0.4909069 0.2223595 0.1018451 0.1569907 0.1876206 0.170055 0.0961371 0.2650973 0.09706598 0.308072 0.1882497 0.2732613 0.1882497 0.2274257 0.6984665 0.160771 0.7997146 0.09937846 0.7038773 0.3396409 0.6984665 0.3408595 0.7898343 0.2827234 0.7976174 0.7329679 0.8809631 0.7549898 0.8604345 0.7556387 0.8810943 0.6877394 0.8603524 0.7103469 0.8808612 0.6877222 0.8816253 0.687731 0.8184207 0.710303 0.8393161 0.6879628 0.8391501 0.7342765 0.9435901 0.7565615 0.9637412 0.7344202 0.9641725 0.6888733 0.9644522 0.7114804 0.9431402 0.711669 0.9639539 0.6883236 0.9014652 0.7113042 0.9221557 0.6883969 0.9222255 0.8236814 0.9640948 0.8454735 0.9424178 0.8464552 0.9632888 0.7788907 0.9636133 0.8003712 0.9437099 0.8015808 0.964427 0.7780097 0.9021877 0.8005748 0.9226133 0.7777963 0.9223853 0.8857868 0.1246024 0.9135807 0.1541648 0.8850594 0.15582 0.8867629 0.06206858 0.9158416 0.09212929 0.8866708 0.09341108 0.9744089 0.06358659 0.9452536 0.0930714 0.9453042 0.06184041 0.7997818 0.1215214 0.7730787 0.1524365 0.7706108 0.1219923 0.8002238 0.05979639 0.7716732 0.09035843 0.7709797 0.0591765 0.8285735 0.06114339 0.8576887 0.09278386 0.8286097 0.0929082 0.8029561 0.2457646 0.775604 0.2772207 0.7736871 0.2459012 0.8016019 0.1836186 0.7730148 0.2142586 0.773617 0.1837962 0.8313184 0.1841968 0.8592141 0.2152807 0.8309333 0.2155439 0.9174969 0.2489051 0.8892322 0.277665 0.8885398 0.2477121 0.8857839 0.1872618 0.9149442 0.2176653 0.8873744 0.2178174 0.970886 0.1863127 0.9438379 0.2159143 0.9412673 0.1850685 0.8230395 0.8810347 0.8450062 0.8599463 0.8456392 0.8805449 0.7778528 0.8817173 0.8003535 0.8604114 0.800262 0.8808568 0.7778871 0.8192017 0.8001016 0.8392371 0.7772365 0.8395816 0.6549513 0.6824423 0.3805958 0.7878623 0.5175736 0.6923751 0.6215425 0.9096059 0.6426469 0.9182581 0.6212 0.9182925 0.3519809 0.6175938 0.4166825 0.7369503 0.3519809 0.7369503 0.6003132 0.8938547 0.6232019 0.885249 0.6232452 0.895152 0.3682686 0.8126213 0.2688695 0.9499908 0.27648 0.810184 0.5254542 0.8105348 0.4420663 0.952731 0.4500982 0.8109916 0.6791575 0.2719814 0.5421223 0.4437497 0.5712356 0.2675993 0.8579928 0.2715767 0.7496391 0.4552285 0.766498 0.2667095 0.6791575 0.2719814 0.7496391 0.4552285 0.6469157 0.4479153 0.6864045 0.07681697 0.766498 0.2667095 0.6791575 0.2719814 0.8558527 0.07808554 0.766498 0.2667095 0.7525589 0.07756584 0.5712356 0.2675993 0.4361829 0.4436392 0.4553058 0.2605316 0.4640908 0.06282985 0.5712356 0.2675993 0.4553058 0.2605316 0.6864045 0.07681697 0.5712356 0.2675993 0.5880823 0.06949353 0.5421223 0.4437497 0.4351871 0.6363781 0.4361829 0.4436392 0.6469157 0.4479153 0.5422957 0.6375437 0.5421223 0.4437497 0.4500982 0.8109916 0.3592198 0.9502949 0.3682686 0.8126213 0.4369668 0.6677431 0.3682686 0.8126213 0.3532142 0.6712917 0.5170972 0.6677348 0.4500982 0.8109916 0.4369668 0.6677431 0.192696 0.8094016 0.2688695 0.9499908 0.1863521 0.9508168 0.2659804 0.6712931 0.192696 0.8094016 0.1870853 0.6648092 0.3532142 0.6712917 0.27648 0.810184 0.2659804 0.6712931 0.2688695 0.9499908 0.1842959 0.9680697 0.1863521 0.9508168 0.3592198 0.9502949 0.2727476 0.9688359 0.2688695 0.9499908 0.4166825 0.6175938 0.4868133 0.7338449 0.4166825 0.7369503 0.4853838 0.4915774 0.4166825 0.6175938 0.4166825 0.4943011 0.4853838 0.4915774 0.5478071 0.609987 0.4965414 0.6083253 0.3519809 0.6175938 0.287616 0.7369503 0.287616 0.6175938 0.3519809 0.4943011 0.287616 0.6175938 0.287616 0.4943011 0.4166825 0.4943011 0.3519809 0.6175938 0.3519809 0.4943011 0.287616 0.7369503 0.2846043 0.7750777 0.2582981 0.7769269 0.3519809 0.7369503 0.3131178 0.7735686 0.2846043 0.7750777 0.7773985 0.6723076 0.4264987 0.7902513 0.6549513 0.6824423 0.6566983 0.4778976 0.7773985 0.6723076 0.6549513 0.6824423 0.7671709 0.4766811 0.8588457 0.6750228 0.7773985 0.6723076 0.5175736 0.6923751 0.3408595 0.7898343 0.4195929 0.6984665 0.4195929 0.4928994 0.5175736 0.6923751 0.4195929 0.6984665 0.5819256 0.5061103 0.6549513 0.6824423 0.5175736 0.6923751 0.3805958 0.7878623 0.3357821 0.8659739 0.3408595 0.7898343 0.4264987 0.7902513 0.3857114 0.8699198 0.3805958 0.7878623 0.7775723 0.8606433 0.8001016 0.8392371 0.8003535 0.8604114 0.7549898 0.8604345 0.7772365 0.8395816 0.7775723 0.8606433 0.755729 0.8193247 0.7772365 0.8395816 0.755369 0.8396897 0.7778528 0.8817173 0.8011094 0.9016975 0.7780097 0.9021877 0.7558781 0.9024215 0.7778528 0.8817173 0.7780097 0.9021877 0.7556387 0.8810943 0.7775723 0.8606433 0.7778528 0.8817173 0.8230395 0.8810347 0.8457589 0.9010948 0.8233109 0.9018993 0.8011094 0.9016975 0.8230395 0.8810347 0.8233109 0.9018993 0.800262 0.8808568 0.8225908 0.859983 0.8230395 0.8810347 0.9150207 0.1859751 0.9438379 0.2159143 0.9149442 0.2176653 0.9423483 0.1549258 0.9150207 0.1859751 0.9135807 0.1541648 0.9711771 0.1583295 0.9412673 0.1850685 0.9423483 0.1549258 0.8857839 0.1872618 0.8592141 0.2152807 0.8569076 0.1849724 0.8850594 0.15582 0.8569076 0.1849724 0.8563581 0.1558105 0.8850594 0.15582 0.9150207 0.1859751 0.8857839 0.1872618 0.8885398 0.2477121 0.8610406 0.2777291 0.8597403 0.2469208 0.8873744 0.2178174 0.8597403 0.2469208 0.8592141 0.2152807 0.9149442 0.2176653 0.8885398 0.2477121 0.8873744 0.2178174 0.8313184 0.1841968 0.8028755 0.214643 0.8016019 0.1836186 0.827852 0.1547546 0.8016019 0.1836186 0.8002961 0.1523629 0.8563581 0.1558105 0.8313184 0.1841968 0.827852 0.1547546 0.7453189 0.1842241 0.7730148 0.2142586 0.7458546 0.2157477 0.7730787 0.1524365 0.7453189 0.1842241 0.7443552 0.1523646 0.8002961 0.1523629 0.773617 0.1837962 0.7730787 0.1524365 0.7458546 0.2157477 0.7736871 0.2459012 0.7478564 0.2470442 0.8028755 0.214643 0.7736871 0.2459012 0.7730148 0.2142586 0.8285735 0.06114339 0.8003972 0.09092658 0.8002238 0.05979639 0.8289278 0.02933353 0.8002238 0.05979639 0.7995546 0.02810806 0.8289278 0.02933353 0.8578484 0.06108039 0.8285735 0.06114339 0.7709797 0.0591765 0.7431753 0.09069824 0.7423592 0.05926352 0.7995546 0.02810806 0.7709797 0.0591765 0.7702396 0.02775943 0.7706108 0.1219923 0.7443552 0.1523646 0.7423592 0.1219007 0.7431753 0.09069824 0.7706108 0.1219923 0.7423592 0.1219007 0.7716732 0.09035843 0.7997818 0.1215214 0.7706108 0.1219923 0.9453042 0.06184041 0.9158416 0.09212929 0.9159832 0.06111878 0.9460797 0.03031599 0.9159832 0.06111878 0.9164167 0.02961766 0.8867629 0.06206858 0.8576887 0.09278386 0.8578484 0.06108039 0.8873057 0.03061759 0.8578484 0.06108039 0.8582108 0.02944165 0.8873057 0.03061759 0.9159832 0.06111878 0.8867629 0.06206858 0.8575959 0.1239259 0.8850594 0.15582 0.8563581 0.1558105 0.8576887 0.09278386 0.8857868 0.1246024 0.8575959 0.1239259 0.8866708 0.09341108 0.9147303 0.1231957 0.8857868 0.1246024 0.7777963 0.9223853 0.8003712 0.9437099 0.7783856 0.9429611 0.756506 0.9432255 0.7777963 0.9223853 0.7783856 0.9429611 0.7558781 0.9024215 0.7777963 0.9223853 0.755626 0.9228903 0.7804039 0.9829306 0.8015808 0.964427 0.8024867 0.9847658 0.7579987 0.9843592 0.7788907 0.9636133 0.7804039 0.9829306 0.756506 0.9432255 0.7788907 0.9636133 0.7565615 0.9637412 0.8024867 0.9847658 0.8236814 0.9640948 0.8249544 0.9849209 0.8015808 0.964427 0.8229139 0.943324 0.8236814 0.9640948 0.6885175 0.9432315 0.7113042 0.9221557 0.7114804 0.9431402 0.6658053 0.9232648 0.6885175 0.9432315 0.6654534 0.9441136 0.6655743 0.9023653 0.6883969 0.9222255 0.6658053 0.9232648 0.6912637 0.9848924 0.711669 0.9639539 0.7134284 0.9838823 0.6654534 0.9441136 0.6888733 0.9644522 0.6663096 0.9652101 0.735538 0.9847871 0.7565615 0.9637412 0.7579987 0.9843592 0.7134284 0.9838823 0.7344202 0.9641725 0.735538 0.9847871 0.711669 0.9639539 0.7342765 0.9435901 0.7344202 0.9641725 0.6879628 0.8391501 0.7104654 0.8600899 0.6877394 0.8603524 0.6654569 0.8395691 0.6877394 0.8603524 0.6652212 0.8606609 0.6883236 0.9014652 0.7103469 0.8808612 0.7111327 0.9012952 0.6654226 0.8814031 0.6883236 0.9014652 0.6655743 0.9023653 0.6654226 0.8814031 0.6877394 0.8603524 0.6877222 0.8816253 0.7333899 0.9016216 0.7556387 0.8810943 0.7558781 0.9024215 0.7111327 0.9012952 0.7329679 0.8809631 0.7333899 0.9016216 0.7103469 0.8808612 0.732878 0.8597777 0.7329679 0.8809631 0.3396409 0.6984665 0.2296678 0.7992037 0.2274257 0.6984665 0.2274257 0.4928994 0.3396409 0.6984665 0.2274257 0.6984665 0.4195929 0.4928994 0.3396409 0.6984665 0.3396409 0.4928994 0.01293933 0.714854 0.160771 0.7997146 0.1225203 0.8043988 0.008622109 0.5067291 0.09937846 0.7038773 0.01293933 0.714854 0.09535843 0.4909069 0.2274257 0.6984665 0.09937846 0.7038773 0.1225203 0.8043988 0.1765147 0.8908419 0.1268026 0.8968343 0.160771 0.7997146 0.2299185 0.889468 0.1765147 0.8908419 0.6208217 0.914386 0.6003331 0.9061979 0.6211808 0.906338 0.170055 0.0961371 0.1192006 0.1875321 0.1183593 0.09647673 0.01411384 0.2993365 0.09535843 0.4909069 0.008622109 0.5067291 0.1192006 0.1875321 0.08241146 0.2905008 0.01411384 0.2993365 0.1569907 0.1876206 0.2274257 0.2979646 0.08241146 0.2905008 0.423821 0.09886395 0.4821174 0.1742361 0.4342737 0.1869989 0.3169232 0.09667879 0.3772494 0.18679 0.308072 0.1882497 0.5853509 0.304065 0.4195929 0.4928994 0.4195929 0.2979646 0.308072 0.1882497 0.5853509 0.304065 0.4195929 0.2979646 0.3772494 0.18679 0.7006778 0.2803427 0.5853509 0.304065 0.2233329 0.6175938 0.1704376 0.738753 0.1590566 0.6149731 0.2233329 0.4943011 0.1590566 0.6149731 0.1506776 0.4926953 0.287616 0.4943011 0.2233329 0.6175938 0.2233329 0.4943011 0.1112655 0.6177259 0.07855433 0.7401593 0.06512331 0.6190044 0.101334 0.4950112 0.06512331 0.6190044 0.05405962 0.4976786 0.1506776 0.4926953 0.1112655 0.6177259 0.101334 0.4950112 0.6003726 0.9307808 0.6235451 0.9393997 0.6010896 0.9401085 0.1112292 0.7378726 0.200878 0.7772576 0.1793325 0.7773458 0.1909443 0.2049911 0.2233329 0.2509527 0.1435551 0.25299 0.150082 0.2022491 0.05658698 0.2501032 0.1326819 0.2025155 0.05815851 0.3747475 0.101334 0.4950112 0.05405962 0.4976786 0.05658698 0.2501032 0.1045733 0.3716264 0.05815851 0.3747475 0.1435551 0.25299 0.1045733 0.3716264 0.09645795 0.2499819 0.3091024 0.2044542 0.4734801 0.2496289 0.4166825 0.2509527 0.2508818 0.2054163 0.3519809 0.2509527 0.287616 0.2509527 0.3519809 0.374732 0.287616 0.4943011 0.287616 0.374732 0.287616 0.2509527 0.3519809 0.374732 0.287616 0.374732 0.3519809 0.2509527 0.4166825 0.374732 0.3519809 0.374732 0.09951692 0.8098146 0.09237682 0.9498091 0.09277111 0.9521674 0.1074382 0.6674221 0.09951692 0.8098146 0.1029634 0.6715278 0.1870853 0.6648092 0.1006487 0.805343 0.1074382 0.6674221 0.0109589 0.8163897 0.05783361 0.9560454 0.01118952 0.9576507 0.01266926 0.6735553 0.05436134 0.8150226 0.0109589 0.8163897 0.05772662 0.6720182 0.09951692 0.8098146 0.05436134 0.8150226 0.01118952 0.9576507 0.05645173 0.9706971 0.01282751 0.9711573 0.05783361 0.9560454 0.09167981 0.9695371 0.05645173 0.9706971 0.1033466 0.2587347 0.09997212 0.387262 0.09689813 0.2528544 0.01331186 0.2454976 0.05500918 0.3887172 0.01080375 0.3893364 0.05597835 0.5301659 0.01266926 0.6735553 0.01091301 0.5312828 0.01080375 0.3893364 0.05597835 0.5301659 0.01091301 0.5312828 0.05500918 0.3887172 0.1006477 0.5290008 0.05597835 0.5301659 0.4383304 0.2457085 0.3525369 0.3865108 0.352357 0.2485446 0.1852173 0.252118 0.2687732 0.3865167 0.1855626 0.3896389 0.2659789 0.5290926 0.1870853 0.6648092 0.1896159 0.5294223 0.1855626 0.3896389 0.2659789 0.5290926 0.1896159 0.5294223 0.2687732 0.3865167 0.3505113 0.5291472 0.2659789 0.5290926 0.3351713 0.2564647 0.2236465 0.4381349 0.2236465 0.2605733 0.2614075 0.06721872 0.3351713 0.2564647 0.2236465 0.2605733 0.4640908 0.06282985 0.3351713 0.2564647 0.3362836 0.06330311 0.1312712 0.2584291 0.06636226 0.4508866 0.04303866 0.261151 0.06021738 0.06956124 0.1312712 0.2584291 0.04303866 0.261151 0.1563126 0.06702798 0.2236465 0.2605733 0.1312712 0.2584291 0.06636226 0.4508866 0.1312712 0.6332674 0.04382741 0.6399429 0.1312712 0.4499016 0.2236465 0.6300312 0.1312712 0.6332674 0.4162868 0.01596057 0.3602307 0.02975606 0.3707659 0.01549983 0.2787812 0.01510703 0.3165519 0.0304616 0.2724748 0.03058034 0.2835755 0.04586499 0.1563126 0.06702798 0.06021738 0.06956124 0.3165519 0.0304616 0.2835755 0.04586499 0.2724748 0.03058034 0.3602307 0.02975606 0.3216847 0.0455721 0.3165519 0.0304616 0.5436792 0.01756256 0.585426 0.03344964 0.5395333 0.03303492 0.495229 0.01777505 0.4589704 0.03110402 0.4507696 0.01664561 0.4642014 0.04630917 0.5880823 0.06949353 0.4640908 0.06282985 0.4861716 0.03222441 0.4642014 0.04630917 0.4589704 0.03110402 0.64551 0.9478359 0.6234714 0.9400725 0.6443012 0.9414733 0.564777 0.04755175 0.6864045 0.07681697 0.5362308 0.04872685 0.5395333 0.03303492 0.564777 0.04755175 0.5362308 0.04872685 0.585426 0.03344964 0.5991335 0.04811799 0.564777 0.04755175 0.6232308 0.9054011 0.6003153 0.8951888 0.6231897 0.895574 0.3602307 0.02975606 0.3994113 0.04505175 0.3665562 0.04534643 0.4589704 0.03110402 0.3994113 0.04505175 0.4019665 0.02952754 0.2236465 0.4381349 0.3351713 0.6322436 0.2236465 0.6300312 0.4361829 0.4436392 0.3351713 0.6322436 0.3351713 0.4455365 0.4387977 0.5294253 0.3532142 0.6712917 0.3505113 0.5291472 0.3525369 0.3865108 0.4387977 0.5294253 0.3505113 0.5291472 0.4414803 0.3869741 0.5053504 0.5259049 0.4387977 0.5294253 0.1038809 0.5278942 0.1029634 0.6715278 0.1006477 0.5290008 0.09997212 0.387262 0.1038809 0.5278942 0.1006477 0.5290008 0.1036626 0.3876777 0.1896159 0.5294223 0.1038809 0.5278942 0.09277111 0.9521674 0.08958256 0.9681916 0.09167981 0.9695371 0.09237682 0.9498091 0.1842959 0.9680697 0.08958256 0.9681916 0.4623519 0.3691077 0.4166825 0.4943011 0.4166825 0.374732 0.4734801 0.2496289 0.4166825 0.374732 0.4166825 0.2509527 0.4734801 0.2496289 0.5276777 0.3645638 0.4623519 0.3691077 0.2233329 0.374732 0.1506776 0.4926953 0.1414299 0.3730383 0.2233329 0.2509527 0.1414299 0.3730383 0.1435551 0.25299 0.287616 0.2509527 0.2233329 0.374732 0.2233329 0.2509527 0.1704376 0.738753 0.2298678 0.7773772 0.200878 0.7772576 0.2233329 0.7369503 0.2582981 0.7769269 0.2298678 0.7773772 0.7006778 0.2803427 0.7671709 0.4766811 0.6566983 0.4778976 0.4342737 0.1869989 0.7750238 0.2646747 0.7006778 0.2803427 0.4821174 0.1742361 0.8909699 0.2628478 0.7750238 0.2646747 0.2274257 0.2979646 0.3396409 0.4928994 0.2274257 0.4928994 0.2732613 0.1882497 0.2274257 0.2979646 0.2244033 0.1882497 0.308072 0.1882497 0.3396409 0.2979646 0.2732613 0.1882497 0.2296678 0.7992037 0.2816447 0.8871389 0.2299185 0.889468 0.2827234 0.7976174 0.3357821 0.8659739 0.2816447 0.8871389 0.732878 0.8597777 0.755369 0.8396897 0.7549898 0.8604345 0.7104654 0.8600899 0.7329769 0.8391988 0.732878 0.8597777 0.7104954 0.8182134 0.7329769 0.8391988 0.710303 0.8393161 0.7342765 0.9435901 0.755626 0.9228903 0.756506 0.9432255 0.7114804 0.9431402 0.7335894 0.9228183 0.7342765 0.9435901 0.7113042 0.9221557 0.7333899 0.9016216 0.7335894 0.9228183 0.8231807 0.92273 0.8454735 0.9424178 0.8229139 0.943324 0.8005748 0.9226133 0.8229139 0.943324 0.8003712 0.9437099 0.8011094 0.9016975 0.8231807 0.92273 0.8005748 0.9226133 0.9147303 0.1231957 0.9423483 0.1549258 0.9135807 0.1541648 0.9452536 0.0930714 0.9147303 0.1231957 0.9158416 0.09212929 0.97435 0.09514176 0.943661 0.124051 0.9452536 0.0930714 0.8287251 0.1241146 0.8002961 0.1523629 0.7997818 0.1215214 0.8286097 0.0929082 0.7997818 0.1215214 0.8003972 0.09092658 0.8286097 0.0929082 0.8575959 0.1239259 0.8287251 0.1241146 0.8314827 0.247132 0.8037315 0.2773421 0.8029561 0.2457646 0.8309333 0.2155439 0.8029561 0.2457646 0.8028755 0.214643 0.8592141 0.2152807 0.8314827 0.247132 0.8309333 0.2155439 0.9174969 0.2489051 0.9463458 0.2791113 0.918066 0.2788461 0.9438379 0.2159143 0.9174969 0.2489051 0.9149442 0.2176653 0.9732392 0.2147771 0.9463205 0.2474064 0.9438379 0.2159143 0.8228285 0.8387042 0.8450062 0.8599463 0.8225908 0.859983 0.8001016 0.8392371 0.8225908 0.859983 0.8003535 0.8604114 0.8001016 0.8392371 0.8225242 0.8199376 0.8228285 0.8387042 0.4791303 0.7893203 0.4437534 0.8784533 0.4264987 0.7902513 0.5129759 0.7870748 0.4845402 0.8766012 0.4791303 0.7893203 0.4166825 0.7369503 0.3436068 0.7743937 0.3131178 0.7735686 0.53588 0.7332218 0.3436068 0.7743937 0.4868133 0.7338449 0.4420663 0.952731 0.3537743 0.9698505 0.3592198 0.9502949 0.4420663 0.952731 0.5136926 0.970488 0.4324064 0.9702296 0.7496391 0.4552285 0.6460254 0.6369056 0.6469157 0.4479153 0.8527097 0.4656558 0.736855 0.6490203 0.7496391 0.4552285 0.1633446 0.1656676 0.1351562 0.1535449 0.1638881 0.1553595 0.01087552 0.990658 0.05498379 0.9860409 0.05555349 0.9904677 0.1836661 0.984941 0.2748911 0.986684 0.2739962 0.9893224 0.1848009 0.9824556 0.2728439 0.9827345 0.2748911 0.986684 0.1906695 0.170013 0.2178402 0.1684808 0.2176443 0.1773037 0.09558051 0.9815312 0.09479403 0.9820791 0.09575003 0.9783283 0.3083853 0.1665896 0.3367524 0.1557183 0.3367405 0.1667704 0.4355334 0.9901671 0.3551031 0.9851126 0.4361653 0.9855003 0.1633446 0.1656676 0.1895455 0.1614292 0.1906695 0.170013 0.09536451 0.9858211 0.05498379 0.9860409 0.09479403 0.9820791 0.3083853 0.1665896 0.280462 0.1683647 0.3079169 0.1569238 0.2748911 0.986684 0.3551031 0.9851126 0.3531403 0.9896394 0.2176443 0.1773037 0.2489188 0.1779391 0.2484093 0.1818653 0.09558051 0.9815312 0.1846433 0.9790424 0.1848009 0.9824556 0.3628786 0.1626369 0.3367524 0.1557183 0.3656563 0.1542646 0.5180409 0.9896848 0.4361653 0.9855003 0.517086 0.986285 0.01282751 0.9711573 0.05498379 0.9860409 0.01080381 0.9867861 0.1633446 0.1656676 0.1326819 0.2025155 0.134298 0.1632644 0.6649373 0.8242431 0.6712678 0.8181945 0.6879628 0.8391501 0.7709797 0.0591765 0.7423592 0.05926352 0.7481904 0.03721964 0.5136926 0.970488 0.4361653 0.9855003 0.4324064 0.9702296 0.3367405 0.1667704 0.3544723 0.1996486 0.3345218 0.2018899 0.2484093 0.1818653 0.2797033 0.2045167 0.2508818 0.2054163 0.2727476 0.9688359 0.1846433 0.9790424 0.1842959 0.9680697 0.1842959 0.9680697 0.09575003 0.9783283 0.08958256 0.9681916 0.2484093 0.1818653 0.2204837 0.2053831 0.2176443 0.1773037 0.09167981 0.9695371 0.09575003 0.9783283 0.09479403 0.9820791 0.05645173 0.9706971 0.09479403 0.9820791 0.05498379 0.9860409 0.1906695 0.170013 0.150082 0.2022491 0.1633446 0.1656676 0.2176443 0.1773037 0.1909443 0.2049911 0.1906695 0.170013 0.4324064 0.9702296 0.3551031 0.9851126 0.3537743 0.9698505 0.3537743 0.9698505 0.2728439 0.9827345 0.2727476 0.9688359 0.2800116 0.1739327 0.3091024 0.2044542 0.2797033 0.2045167 0.3367405 0.1667704 0.3091024 0.2044542 0.3083853 0.1665896 0.02602726 0.8340306 0.1158168 0.8123268 0.1276562 0.8447915 0.02876394 0.8122233 0.1312712 0.7536419 0.1158168 0.8123268 0.2719434 0.16017 0.1850596 0.1531826 0.2701438 0.1312873 0.5349318 0.7872018 0.4290588 0.7505933 0.5401249 0.7567868 0.2218011 0.8140009 0.3180662 0.7727593 0.3201289 0.7923188 0.3180662 0.7727593 0.2236465 0.7536419 0.3351713 0.7536419 0.3531752 0.157675 0.4314355 0.1204872 0.4328814 0.1481121 0.6378653 0.7905333 0.740152 0.7815843 0.7370038 0.819689 0.1276562 0.8447915 0.2186579 0.7890992 0.2218011 0.8140009 0.2186579 0.7890992 0.1312712 0.7536419 0.2236465 0.7536419 0.2719434 0.16017 0.3521839 0.1313219 0.3531752 0.157675 0.6378653 0.7905333 0.5401249 0.7567868 0.6403205 0.7577255 0.1017793 0.1911626 0.1850596 0.1531826 0.1886819 0.1734468 0.3180662 0.7727593 0.4290588 0.7505933 0.4269044 0.7872879 0.5145959 0.1403037 0.4314355 0.1204872 0.5126128 0.1088309 0.7370038 0.819689 0.8402034 0.7966421 0.8390428 0.8357608 0.04382741 0.6399429 0.1312712 0.7536419 0.01786994 0.773426 0.0590732 0.1476102 0.01331186 0.2454976 0.01482152 0.1434448 0.6888733 0.9644522 0.6912637 0.9848924 0.6754091 0.9819901 0.9744089 0.06358659 0.9453042 0.06184041 0.9664087 0.03577685 0.8384589 0.6588619 0.740152 0.7815843 0.736855 0.6490203 0.4328814 0.1481121 0.5168077 0.2392162 0.4383304 0.2457085 0.1886819 0.1734468 0.2689797 0.2501091 0.1852173 0.252118 0.5422957 0.6375437 0.4290588 0.7505933 0.4351871 0.6363781 0.4351871 0.6363781 0.3351713 0.7536419 0.3351713 0.6322436 0.1017793 0.1911626 0.1852173 0.252118 0.1033466 0.2587347 0.2236465 0.6300312 0.3351713 0.7536419 0.2236465 0.7536419 0.1312712 0.6332674 0.2236465 0.7536419 0.1312712 0.7536419 0.09988373 0.1693887 0.05808091 0.2470164 0.0590732 0.1476102 0.1017793 0.1911626 0.09689813 0.2528544 0.09988373 0.1693887 0.736855 0.6490203 0.6403205 0.7577255 0.6460254 0.6369056 0.5422957 0.6375437 0.6403205 0.7577255 0.5401249 0.7567868 0.2719434 0.16017 0.352357 0.2485446 0.2689797 0.2501091 0.3531752 0.157675 0.4383304 0.2457085 0.352357 0.2485446 0.4874531 0.9532885 0.5410122 0.962351 0.4878281 0.9690412 0.6339035 0.003453552 0.589292 0.005236506 0.5881454 0.002818763 0.284295 0.9511184 0.3277934 0.9152581 0.287131 0.9640901 0.6158345 0.9289562 0.6223559 0.9195687 0.6251365 0.9208516 0.5420217 0.003001332 0.495896 0.008365571 0.4965145 0.008474111 0.495896 0.008365571 0.5518528 0.006882727 0.4945604 0.009042203 0.2327249 0.9591848 0.1821016 0.9740566 0.1826601 0.9657299 0.1821016 0.9740566 0.2354785 0.9837971 0.1823026 0.987424 0.5879753 0.002216935 0.5491198 0.004754483 0.5420217 0.003001332 0.5491198 0.004754483 0.589292 0.005236506 0.5518528 0.006882727 0.2327249 0.9591848 0.287131 0.9640901 0.2344897 0.9734019 0.3696675 0.001233875 0.41373 0.004269421 0.3699948 0.002987861 0.3840097 0.9160053 0.3277934 0.9152581 0.3278341 0.9094405 0.495896 0.008365571 0.4483499 0.008041858 0.4485318 0.006522297 0.1308982 0.9707911 0.1821016 0.9740566 0.1300389 0.9845138 0.2796442 4.71382e-4 0.3241314 0.002689421 0.2776784 0.002590179 0.3241314 0.002689421 0.2787812 0.01510703 0.2776784 0.002590179 0.1268026 0.8968343 0.1826601 0.9657299 0.1308982 0.9707911 0.8450427 0.9801072 0.8460682 0.9831559 0.8430381 0.9844692 0.6347966 0.005716621 0.5910401 0.01787996 0.589292 0.005236506 0.4845402 0.8766012 0.5397105 0.9491236 0.4874531 0.9532885 0.9749599 0.2722086 0.973726 0.2767491 0.9695954 0.2748635 0.6138629 0.9279206 0.6049284 0.9183187 0.6223559 0.9195687 0.2816447 0.8871389 0.3278341 0.9094405 0.284295 0.9511184 0.3357821 0.8659739 0.3840097 0.9160053 0.3278341 0.9094405 0.4945604 0.009042203 0.4507696 0.01664561 0.4483499 0.008041858 0.4945604 0.009042203 0.5436792 0.01756256 0.495229 0.01777505 0.4437534 0.8784533 0.3840097 0.9160053 0.3857114 0.8699198 0.4845402 0.8766012 0.4346095 0.9398118 0.4437534 0.8784533 0.5518528 0.006882727 0.5910401 0.01787996 0.5436792 0.01756256 0.3699948 0.002987861 0.3241282 0.0151475 0.3241314 0.002689421 0.2299185 0.889468 0.1826601 0.9657299 0.1765147 0.8908419 0.2299185 0.889468 0.284295 0.9511184 0.2327249 0.9591848 0.41373 0.004269421 0.3707659 0.01549983 0.3699948 0.002987861 0.1752333 0.8391627 0.1558874 0.8259944 0.1746667 0.8258889 0.6432008 0.9289188 0.6374588 0.9400501 0.6367868 0.9293009 0.3189992 0.03947359 0.3685965 0.02233791 0.3706672 0.04654109 0.2576338 0.8220489 0.2817459 0.8050926 0.2851313 0.8183091 0.2669248 0.0461288 0.2158064 0.03835117 0.2650612 0.02142012 0.2286813 0.821213 0.1994509 0.8097783 0.2283316 0.8082538 0.4731901 0.04890519 0.4200302 0.04008984 0.4737252 0.03072732 0.3128073 0.8097195 0.3405823 0.7999259 0.3422909 0.8122056 0.2036491 0.8335031 0.1746667 0.8258889 0.201523 0.820981 0.201523 0.820981 0.1760812 0.8105399 0.1994509 0.8097783 0.3706672 0.04654109 0.4200302 0.04008984 0.4209994 0.06007784 0.3128073 0.8097195 0.2817459 0.8050926 0.3118777 0.7976422 0.3189992 0.03947359 0.2650612 0.02142012 0.3178671 0.0136891 0.2576338 0.8220489 0.2283316 0.8082538 0.2570665 0.8095507 0.526759 0.03162527 0.4737252 0.03072732 0.526609 0.008665204 0.3422909 0.8122056 0.3716825 0.8067306 0.3716176 0.8213374 0.6235451 0.9393997 0.6367868 0.9293009 0.6374588 0.9400501 0.1675266 0.04786264 0.1183593 0.09647673 0.1165843 0.03924822 0.8228285 0.8387042 0.8364283 0.8194414 0.8449295 0.8261605 0.7736871 0.2459012 0.7593153 0.2773588 0.7490733 0.2653071 0.3724018 0.7752974 0.3405823 0.7999259 0.3436068 0.7743937 0.4731901 0.04890519 0.531409 0.08273643 0.4788482 0.09151297 0.3706672 0.04654109 0.3169232 0.09667879 0.3189992 0.03947359 0.2582981 0.7769269 0.2817459 0.8050926 0.2570665 0.8095507 0.2298678 0.7773772 0.2570665 0.8095507 0.2283316 0.8082538 0.2669248 0.0461288 0.3169232 0.09667879 0.2650973 0.09706598 0.200878 0.7772576 0.2283316 0.8082538 0.1994509 0.8097783 0.1793325 0.7773458 0.1994509 0.8097783 0.1760812 0.8105399 0.2197794 0.04982966 0.170055 0.0961371 0.1675266 0.04786264 0.2669248 0.0461288 0.2223595 0.1018451 0.2197794 0.04982966 0.3131178 0.7735686 0.3405823 0.7999259 0.3118777 0.7976422 0.2846043 0.7750777 0.3118777 0.7976422 0.2817459 0.8050926 0.4209994 0.06007784 0.3722212 0.09705013 0.3706672 0.04654109 0.4209994 0.06007784 0.4788482 0.09151297 0.423821 0.09886395 0.8597403 0.2469208 0.8610406 0.2777291 0.8324194 0.2771802 0.8287251 0.1241146 0.8575959 0.1239259 0.8563581 0.1558105 0.9725828 0.126785 0.9711771 0.1583295 0.9423483 0.1549258 0.8233109 0.9018993 0.8457589 0.9010948 0.8460837 0.9217303 0.7335894 0.9228183 0.7333899 0.9016216 0.7558781 0.9024215 0.7329769 0.8391988 0.7332726 0.8180949 0.755729 0.8193247 0.3396409 0.2979646 0.4195929 0.2979646 0.4195929 0.4928994 0.7750238 0.2646747 0.8909699 0.2628478 0.8881492 0.4700719 0.287616 0.374732 0.287616 0.4943011 0.2233329 0.4943011 0.5276777 0.3645638 0.5518503 0.4851028 0.4853838 0.4915774 0.1896159 0.5294223 0.1870853 0.6648092 0.1074382 0.6674221 0.5053504 0.5259049 0.5170972 0.6677348 0.4369668 0.6677431 0.4642014 0.04630917 0.4640908 0.06282985 0.3362836 0.06330311 0.5991335 0.04811799 0.8558527 0.07808554 0.7525589 0.07756584 0.6234714 0.9400725 0.6235536 0.9537094 0.6023743 0.9483863 0.495229 0.01777505 0.5436792 0.01756256 0.5395333 0.03303492 0.5910401 0.01787996 0.6378667 0.01832687 0.6317919 0.03411453 0.3216847 0.0455721 0.3665562 0.04534643 0.2614075 0.06721872 0.3241282 0.0151475 0.3707659 0.01549983 0.3602307 0.02975606 0.4507696 0.01664561 0.4589704 0.03110402 0.4019665 0.02952754 0.2236465 0.2605733 0.2236465 0.4381349 0.1312712 0.4499016 0.3351713 0.2564647 0.4553058 0.2605316 0.4361829 0.4436392 0.3505113 0.5291472 0.3532142 0.6712917 0.2659804 0.6712931 0.2689797 0.2501091 0.352357 0.2485446 0.3525369 0.3865108 0.4383304 0.2457085 0.5168077 0.2392162 0.5161346 0.3838618 0.05597835 0.5301659 0.1006477 0.5290008 0.1029634 0.6715278 0.09689813 0.2528544 0.09997212 0.387262 0.05500918 0.3887172 0.1033466 0.2587347 0.1852173 0.252118 0.1855626 0.3896389 0.05436134 0.8150226 0.09951692 0.8098146 0.09277111 0.9521674 0.1006487 0.805343 0.192696 0.8094016 0.1863521 0.9508168 0.4166825 0.374732 0.4166825 0.4943011 0.3519809 0.4943011 0.2797033 0.2045167 0.3091024 0.2044542 0.4166825 0.2509527 0.3345218 0.2018899 0.3544723 0.1996486 0.5303398 0.2424306 0.1045733 0.3716264 0.1414299 0.3730383 0.1506776 0.4926953 0.1909443 0.2049911 0.1435551 0.25299 0.09645795 0.2499819 0.2204837 0.2053831 0.2508818 0.2054163 0.287616 0.2509527 0.1112655 0.6177259 0.1590566 0.6149731 0.1704376 0.738753 0.287616 0.6175938 0.287616 0.7369503 0.2233329 0.7369503 0.5853509 0.304065 0.7006778 0.2803427 0.6566983 0.4778976 0.423821 0.09886395 0.4342737 0.1869989 0.3772494 0.18679 0.4788482 0.09151297 0.531409 0.08273643 0.5177845 0.171818 0.08241146 0.2905008 0.2274257 0.2979646 0.2274257 0.4928994 0.2223595 0.1018451 0.2244033 0.1882497 0.1569907 0.1876206 0.2650973 0.09706598 0.3169232 0.09667879 0.308072 0.1882497 0.2274257 0.6984665 0.2296678 0.7992037 0.160771 0.7997146 0.3396409 0.6984665 0.4195929 0.6984665 0.3408595 0.7898343 0.7329679 0.8809631 0.732878 0.8597777 0.7549898 0.8604345 0.6877394 0.8603524 0.7104654 0.8600899 0.7103469 0.8808612 0.687731 0.8184207 0.7104954 0.8182134 0.710303 0.8393161 0.7342765 0.9435901 0.756506 0.9432255 0.7565615 0.9637412 0.6888733 0.9644522 0.6885175 0.9432315 0.7114804 0.9431402 0.6883236 0.9014652 0.7111327 0.9012952 0.7113042 0.9221557 0.8236814 0.9640948 0.8229139 0.943324 0.8454735 0.9424178 0.7788907 0.9636133 0.7783856 0.9429611 0.8003712 0.9437099 0.7780097 0.9021877 0.8011094 0.9016975 0.8005748 0.9226133 0.8857868 0.1246024 0.9147303 0.1231957 0.9135807 0.1541648 0.8867629 0.06206858 0.9159832 0.06111878 0.9158416 0.09212929 0.9744089 0.06358659 0.97435 0.09514176 0.9452536 0.0930714 0.7997818 0.1215214 0.8002961 0.1523629 0.7730787 0.1524365 0.8002238 0.05979639 0.8003972 0.09092658 0.7716732 0.09035843 0.8285735 0.06114339 0.8578484 0.06108039 0.8576887 0.09278386 0.8029561 0.2457646 0.8037315 0.2773421 0.775604 0.2772207 0.8016019 0.1836186 0.8028755 0.214643 0.7730148 0.2142586 0.8313184 0.1841968 0.8569076 0.1849724 0.8592141 0.2152807 0.9174969 0.2489051 0.918066 0.2788461 0.8892322 0.277665 0.8857839 0.1872618 0.9150207 0.1859751 0.9149442 0.2176653 0.970886 0.1863127 0.9732392 0.2147771 0.9438379 0.2159143 0.8230395 0.8810347 0.8225908 0.859983 0.8450062 0.8599463 0.7778528 0.8817173 0.7775723 0.8606433 0.8003535 0.8604114 0.7778871 0.8192017 0.8000112 0.8190421 0.8001016 0.8392371 0.6549513 0.6824423 0.4264987 0.7902513 0.3805958 0.7878623 0.6215425 0.9096059 0.642203 0.9092087 0.6426469 0.9182581 0.3519809 0.6175938 0.4166825 0.6175938 0.4166825 0.7369503 0.6003132 0.8938547 0.6006694 0.8852851 0.6232019 0.885249 0.3682686 0.8126213 0.3592198 0.9502949 0.2688695 0.9499908 0.5254542 0.8105348 0.5224191 0.953747 0.4420663 0.952731 0.6791575 0.2719814 0.6469157 0.4479153 0.5421223 0.4437497 0.8579928 0.2715767 0.8527097 0.4656558 0.7496391 0.4552285 0.6791575 0.2719814 0.766498 0.2667095 0.7496391 0.4552285 0.6864045 0.07681697 0.7525589 0.07756584 0.766498 0.2667095 0.8558527 0.07808554 0.8579928 0.2715767 0.766498 0.2667095 0.5712356 0.2675993 0.5421223 0.4437497 0.4361829 0.4436392 0.4640908 0.06282985 0.5880823 0.06949353 0.5712356 0.2675993 0.6864045 0.07681697 0.6791575 0.2719814 0.5712356 0.2675993 0.5421223 0.4437497 0.5422957 0.6375437 0.4351871 0.6363781 0.6469157 0.4479153 0.6460254 0.6369056 0.5422957 0.6375437 0.4500982 0.8109916 0.4420663 0.952731 0.3592198 0.9502949 0.4369668 0.6677431 0.4500982 0.8109916 0.3682686 0.8126213 0.5170972 0.6677348 0.5254542 0.8105348 0.4500982 0.8109916 0.192696 0.8094016 0.27648 0.810184 0.2688695 0.9499908 0.2659804 0.6712931 0.27648 0.810184 0.192696 0.8094016 0.3532142 0.6712917 0.3682686 0.8126213 0.27648 0.810184 0.2688695 0.9499908 0.2727476 0.9688359 0.1842959 0.9680697 0.3592198 0.9502949 0.3537743 0.9698505 0.2727476 0.9688359 0.4166825 0.6175938 0.4965414 0.6083253 0.4868133 0.7338449 0.4853838 0.4915774 0.4965414 0.6083253 0.4166825 0.6175938 0.4853838 0.4915774 0.5518503 0.4851028 0.5478071 0.609987 0.3519809 0.6175938 0.3519809 0.7369503 0.287616 0.7369503 0.3519809 0.4943011 0.3519809 0.6175938 0.287616 0.6175938 0.4166825 0.4943011 0.4166825 0.6175938 0.3519809 0.6175938 0.287616 0.7369503 0.3519809 0.7369503 0.2846043 0.7750777 0.3519809 0.7369503 0.4166825 0.7369503 0.3131178 0.7735686 0.7773985 0.6723076 0.4791303 0.7893203 0.4264987 0.7902513 0.6566983 0.4778976 0.7671709 0.4766811 0.7773985 0.6723076 0.7671709 0.4766811 0.8881492 0.4700719 0.8588457 0.6750228 0.5175736 0.6923751 0.3805958 0.7878623 0.3408595 0.7898343 0.4195929 0.4928994 0.5819256 0.5061103 0.5175736 0.6923751 0.5819256 0.5061103 0.6566983 0.4778976 0.6549513 0.6824423 0.3805958 0.7878623 0.3857114 0.8699198 0.3357821 0.8659739 0.4264987 0.7902513 0.4437534 0.8784533 0.3857114 0.8699198 0.7775723 0.8606433 0.7772365 0.8395816 0.8001016 0.8392371 0.7549898 0.8604345 0.755369 0.8396897 0.7772365 0.8395816 0.755729 0.8193247 0.7778871 0.8192017 0.7772365 0.8395816 0.7778528 0.8817173 0.800262 0.8808568 0.8011094 0.9016975 0.7558781 0.9024215 0.7556387 0.8810943 0.7778528 0.8817173 0.7556387 0.8810943 0.7549898 0.8604345 0.7775723 0.8606433 0.8230395 0.8810347 0.8456392 0.8805449 0.8457589 0.9010948 0.8011094 0.9016975 0.800262 0.8808568 0.8230395 0.8810347 0.800262 0.8808568 0.8003535 0.8604114 0.8225908 0.859983 0.9150207 0.1859751 0.9412673 0.1850685 0.9438379 0.2159143 0.9423483 0.1549258 0.9412673 0.1850685 0.9150207 0.1859751 0.9711771 0.1583295 0.970886 0.1863127 0.9412673 0.1850685 0.8857839 0.1872618 0.8873744 0.2178174 0.8592141 0.2152807 0.8850594 0.15582 0.8857839 0.1872618 0.8569076 0.1849724 0.8850594 0.15582 0.9135807 0.1541648 0.9150207 0.1859751 0.8885398 0.2477121 0.8892322 0.277665 0.8610406 0.2777291 0.8873744 0.2178174 0.8885398 0.2477121 0.8597403 0.2469208 0.9149442 0.2176653 0.9174969 0.2489051 0.8885398 0.2477121 0.8313184 0.1841968 0.8309333 0.2155439 0.8028755 0.214643 0.827852 0.1547546 0.8313184 0.1841968 0.8016019 0.1836186 0.8563581 0.1558105 0.8569076 0.1849724 0.8313184 0.1841968 0.7453189 0.1842241 0.773617 0.1837962 0.7730148 0.2142586 0.7730787 0.1524365 0.773617 0.1837962 0.7453189 0.1842241 0.8002961 0.1523629 0.8016019 0.1836186 0.773617 0.1837962 0.7458546 0.2157477 0.7730148 0.2142586 0.7736871 0.2459012 0.8028755 0.214643 0.8029561 0.2457646 0.7736871 0.2459012 0.8285735 0.06114339 0.8286097 0.0929082 0.8003972 0.09092658 0.8289278 0.02933353 0.8285735 0.06114339 0.8002238 0.05979639 0.8289278 0.02933353 0.8582108 0.02944165 0.8578484 0.06108039 0.7709797 0.0591765 0.7716732 0.09035843 0.7431753 0.09069824 0.7995546 0.02810806 0.8002238 0.05979639 0.7709797 0.0591765 0.7706108 0.1219923 0.7730787 0.1524365 0.7443552 0.1523646 0.7431753 0.09069824 0.7716732 0.09035843 0.7706108 0.1219923 0.7716732 0.09035843 0.8003972 0.09092658 0.7997818 0.1215214 0.9453042 0.06184041 0.9452536 0.0930714 0.9158416 0.09212929 0.9460797 0.03031599 0.9453042 0.06184041 0.9159832 0.06111878 0.8867629 0.06206858 0.8866708 0.09341108 0.8576887 0.09278386 0.8873057 0.03061759 0.8867629 0.06206858 0.8578484 0.06108039 0.8873057 0.03061759 0.9164167 0.02961766 0.9159832 0.06111878 0.8575959 0.1239259 0.8857868 0.1246024 0.8850594 0.15582 0.8576887 0.09278386 0.8866708 0.09341108 0.8857868 0.1246024 0.8866708 0.09341108 0.9158416 0.09212929 0.9147303 0.1231957 0.7777963 0.9223853 0.8005748 0.9226133 0.8003712 0.9437099 0.756506 0.9432255 0.755626 0.9228903 0.7777963 0.9223853 0.7558781 0.9024215 0.7780097 0.9021877 0.7777963 0.9223853 0.7804039 0.9829306 0.7788907 0.9636133 0.8015808 0.964427 0.7579987 0.9843592 0.7565615 0.9637412 0.7788907 0.9636133 0.756506 0.9432255 0.7783856 0.9429611 0.7788907 0.9636133 0.8024867 0.9847658 0.8015808 0.964427 0.8236814 0.9640948 0.8015808 0.964427 0.8003712 0.9437099 0.8229139 0.943324 0.6885175 0.9432315 0.6883969 0.9222255 0.7113042 0.9221557 0.6658053 0.9232648 0.6883969 0.9222255 0.6885175 0.9432315 0.6655743 0.9023653 0.6883236 0.9014652 0.6883969 0.9222255 0.6912637 0.9848924 0.6888733 0.9644522 0.711669 0.9639539 0.6654534 0.9441136 0.6885175 0.9432315 0.6888733 0.9644522 0.735538 0.9847871 0.7344202 0.9641725 0.7565615 0.9637412 0.7134284 0.9838823 0.711669 0.9639539 0.7344202 0.9641725 0.711669 0.9639539 0.7114804 0.9431402 0.7342765 0.9435901 0.6879628 0.8391501 0.710303 0.8393161 0.7104654 0.8600899 0.6654569 0.8395691 0.6879628 0.8391501 0.6877394 0.8603524 0.6883236 0.9014652 0.6877222 0.8816253 0.7103469 0.8808612 0.6654226 0.8814031 0.6877222 0.8816253 0.6883236 0.9014652 0.6654226 0.8814031 0.6652212 0.8606609 0.6877394 0.8603524 0.7333899 0.9016216 0.7329679 0.8809631 0.7556387 0.8810943 0.7111327 0.9012952 0.7103469 0.8808612 0.7329679 0.8809631 0.7103469 0.8808612 0.7104654 0.8600899 0.732878 0.8597777 0.3396409 0.6984665 0.2827234 0.7976174 0.2296678 0.7992037 0.2274257 0.4928994 0.3396409 0.4928994 0.3396409 0.6984665 0.4195929 0.4928994 0.4195929 0.6984665 0.3396409 0.6984665 0.01293933 0.714854 0.09937846 0.7038773 0.160771 0.7997146 0.008622109 0.5067291 0.09535843 0.4909069 0.09937846 0.7038773 0.09535843 0.4909069 0.2274257 0.4928994 0.2274257 0.6984665 0.1225203 0.8043988 0.160771 0.7997146 0.1765147 0.8908419 0.160771 0.7997146 0.2296678 0.7992037 0.2299185 0.889468 0.6208217 0.914386 0.6003525 0.918326 0.6003331 0.9061979 0.170055 0.0961371 0.1569907 0.1876206 0.1192006 0.1875321 0.01411384 0.2993365 0.08241146 0.2905008 0.09535843 0.4909069 0.1192006 0.1875321 0.1569907 0.1876206 0.08241146 0.2905008 0.1569907 0.1876206 0.2244033 0.1882497 0.2274257 0.2979646 0.423821 0.09886395 0.4788482 0.09151297 0.4821174 0.1742361 0.3169232 0.09667879 0.3722212 0.09705013 0.3772494 0.18679 0.5853509 0.304065 0.5819256 0.5061103 0.4195929 0.4928994 0.308072 0.1882497 0.3772494 0.18679 0.5853509 0.304065 0.3772494 0.18679 0.4342737 0.1869989 0.7006778 0.2803427 0.2233329 0.6175938 0.2233329 0.7369503 0.1704376 0.738753 0.2233329 0.4943011 0.2233329 0.6175938 0.1590566 0.6149731 0.287616 0.4943011 0.287616 0.6175938 0.2233329 0.6175938 0.1112655 0.6177259 0.1112292 0.7378726 0.07855433 0.7401593 0.101334 0.4950112 0.1112655 0.6177259 0.06512331 0.6190044 0.1506776 0.4926953 0.1590566 0.6149731 0.1112655 0.6177259 0.6003726 0.9307808 0.6229122 0.9289448 0.6235451 0.9393997 0.1112292 0.7378726 0.1704376 0.738753 0.200878 0.7772576 0.1909443 0.2049911 0.2204837 0.2053831 0.2233329 0.2509527 0.150082 0.2022491 0.09645795 0.2499819 0.05658698 0.2501032 0.05815851 0.3747475 0.1045733 0.3716264 0.101334 0.4950112 0.05658698 0.2501032 0.09645795 0.2499819 0.1045733 0.3716264 0.1435551 0.25299 0.1414299 0.3730383 0.1045733 0.3716264 0.3091024 0.2044542 0.3345218 0.2018899 0.4734801 0.2496289 0.2508818 0.2054163 0.2797033 0.2045167 0.3519809 0.2509527 0.3519809 0.374732 0.3519809 0.4943011 0.287616 0.4943011 0.287616 0.2509527 0.3519809 0.2509527 0.3519809 0.374732 0.3519809 0.2509527 0.4166825 0.2509527 0.4166825 0.374732 0.09951692 0.8098146 0.1006487 0.805343 0.09237682 0.9498091 0.1074382 0.6674221 0.1006487 0.805343 0.09951692 0.8098146 0.1870853 0.6648092 0.192696 0.8094016 0.1006487 0.805343 0.0109589 0.8163897 0.05436134 0.8150226 0.05783361 0.9560454 0.01266926 0.6735553 0.05772662 0.6720182 0.05436134 0.8150226 0.05772662 0.6720182 0.1029634 0.6715278 0.09951692 0.8098146 0.01118952 0.9576507 0.05783361 0.9560454 0.05645173 0.9706971 0.05783361 0.9560454 0.09277111 0.9521674 0.09167981 0.9695371 0.1033466 0.2587347 0.1036626 0.3876777 0.09997212 0.387262 0.01331186 0.2454976 0.05808091 0.2470164 0.05500918 0.3887172 0.05597835 0.5301659 0.05772662 0.6720182 0.01266926 0.6735553 0.01080375 0.3893364 0.05500918 0.3887172 0.05597835 0.5301659 0.05500918 0.3887172 0.09997212 0.387262 0.1006477 0.5290008 0.4383304 0.2457085 0.4414803 0.3869741 0.3525369 0.3865108 0.1852173 0.252118 0.2689797 0.2501091 0.2687732 0.3865167 0.2659789 0.5290926 0.2659804 0.6712931 0.1870853 0.6648092 0.1855626 0.3896389 0.2687732 0.3865167 0.2659789 0.5290926 0.2687732 0.3865167 0.3525369 0.3865108 0.3505113 0.5291472 0.3351713 0.2564647 0.3351713 0.4455365 0.2236465 0.4381349 0.2614075 0.06721872 0.3362836 0.06330311 0.3351713 0.2564647 0.4640908 0.06282985 0.4553058 0.2605316 0.3351713 0.2564647 0.1312712 0.2584291 0.1312712 0.4499016 0.06636226 0.4508866 0.06021738 0.06956124 0.1563126 0.06702798 0.1312712 0.2584291 0.1563126 0.06702798 0.2614075 0.06721872 0.2236465 0.2605733 0.06636226 0.4508866 0.1312712 0.4499016 0.1312712 0.6332674 0.1312712 0.4499016 0.2236465 0.4381349 0.2236465 0.6300312 0.4162868 0.01596057 0.4019665 0.02952754 0.3602307 0.02975606 0.2787812 0.01510703 0.3241282 0.0151475 0.3165519 0.0304616 0.2835755 0.04586499 0.3216847 0.0455721 0.1563126 0.06702798 0.3165519 0.0304616 0.3216847 0.0455721 0.2835755 0.04586499 0.3602307 0.02975606 0.3665562 0.04534643 0.3216847 0.0455721 0.5436792 0.01756256 0.5910401 0.01787996 0.585426 0.03344964 0.495229 0.01777505 0.4861716 0.03222441 0.4589704 0.03110402 0.4642014 0.04630917 0.5134912 0.04599654 0.5880823 0.06949353 0.4861716 0.03222441 0.5134912 0.04599654 0.4642014 0.04630917 0.64551 0.9478359 0.6235536 0.9537094 0.6234714 0.9400725 0.564777 0.04755175 0.7525589 0.07756584 0.6864045 0.07681697 0.5395333 0.03303492 0.585426 0.03344964 0.564777 0.04755175 0.585426 0.03344964 0.6317919 0.03411453 0.5991335 0.04811799 0.6232308 0.9054011 0.6003331 0.9061979 0.6003153 0.8951888 0.3602307 0.02975606 0.4019665 0.02952754 0.3994113 0.04505175 0.4589704 0.03110402 0.4642014 0.04630917 0.3994113 0.04505175 0.2236465 0.4381349 0.3351713 0.4455365 0.3351713 0.6322436 0.4361829 0.4436392 0.4351871 0.6363781 0.3351713 0.6322436 0.4387977 0.5294253 0.4369668 0.6677431 0.3532142 0.6712917 0.3525369 0.3865108 0.4414803 0.3869741 0.4387977 0.5294253 0.4414803 0.3869741 0.5161346 0.3838618 0.5053504 0.5259049 0.1038809 0.5278942 0.1074382 0.6674221 0.1029634 0.6715278 0.09997212 0.387262 0.1036626 0.3876777 0.1038809 0.5278942 0.1036626 0.3876777 0.1855626 0.3896389 0.1896159 0.5294223 0.09277111 0.9521674 0.09237682 0.9498091 0.08958256 0.9681916 0.09237682 0.9498091 0.1863521 0.9508168 0.1842959 0.9680697 0.4623519 0.3691077 0.4853838 0.4915774 0.4166825 0.4943011 0.4734801 0.2496289 0.4623519 0.3691077 0.4166825 0.374732 0.4734801 0.2496289 0.5303398 0.2424306 0.5276777 0.3645638 0.2233329 0.374732 0.2233329 0.4943011 0.1506776 0.4926953 0.2233329 0.2509527 0.2233329 0.374732 0.1414299 0.3730383 0.287616 0.2509527 0.287616 0.374732 0.2233329 0.374732 0.1704376 0.738753 0.2233329 0.7369503 0.2298678 0.7773772 0.2233329 0.7369503 0.287616 0.7369503 0.2582981 0.7769269 0.7006778 0.2803427 0.7750238 0.2646747 0.7671709 0.4766811 0.4342737 0.1869989 0.4821174 0.1742361 0.7750238 0.2646747 0.4821174 0.1742361 0.5177845 0.171818 0.8909699 0.2628478 0.2274257 0.2979646 0.3396409 0.2979646 0.3396409 0.4928994 0.2732613 0.1882497 0.3396409 0.2979646 0.2274257 0.2979646 0.308072 0.1882497 0.4195929 0.2979646 0.3396409 0.2979646 0.2296678 0.7992037 0.2827234 0.7976174 0.2816447 0.8871389 0.2827234 0.7976174 0.3408595 0.7898343 0.3357821 0.8659739 0.732878 0.8597777 0.7329769 0.8391988 0.755369 0.8396897 0.7104654 0.8600899 0.710303 0.8393161 0.7329769 0.8391988 0.7104954 0.8182134 0.7332726 0.8180949 0.7329769 0.8391988 0.7342765 0.9435901 0.7335894 0.9228183 0.755626 0.9228903 0.7114804 0.9431402 0.7113042 0.9221557 0.7335894 0.9228183 0.7113042 0.9221557 0.7111327 0.9012952 0.7333899 0.9016216 0.8231807 0.92273 0.8460837 0.9217303 0.8454735 0.9424178 0.8005748 0.9226133 0.8231807 0.92273 0.8229139 0.943324 0.8011094 0.9016975 0.8233109 0.9018993 0.8231807 0.92273 0.9147303 0.1231957 0.943661 0.124051 0.9423483 0.1549258 0.9452536 0.0930714 0.943661 0.124051 0.9147303 0.1231957 0.97435 0.09514176 0.9725828 0.126785 0.943661 0.124051 0.8287251 0.1241146 0.827852 0.1547546 0.8002961 0.1523629 0.8286097 0.0929082 0.8287251 0.1241146 0.7997818 0.1215214 0.8286097 0.0929082 0.8576887 0.09278386 0.8575959 0.1239259 0.8314827 0.247132 0.8324194 0.2771802 0.8037315 0.2773421 0.8309333 0.2155439 0.8314827 0.247132 0.8029561 0.2457646 0.8592141 0.2152807 0.8597403 0.2469208 0.8314827 0.247132 0.9174969 0.2489051 0.9463205 0.2474064 0.9463458 0.2791113 0.9438379 0.2159143 0.9463205 0.2474064 0.9174969 0.2489051 0.9732392 0.2147771 0.9755738 0.2467538 0.9463205 0.2474064 0.8228285 0.8387042 0.8455237 0.8391734 0.8450062 0.8599463 0.8001016 0.8392371 0.8228285 0.8387042 0.8225908 0.859983 0.8001016 0.8392371 0.8000112 0.8190421 0.8225242 0.8199376 0.4791303 0.7893203 0.4845402 0.8766012 0.4437534 0.8784533 0.5129759 0.7870748 0.5378848 0.8758649 0.4845402 0.8766012 0.4166825 0.7369503 0.4868133 0.7338449 0.3436068 0.7743937 0.53588 0.7332218 0.3724018 0.7752974 0.3436068 0.7743937 0.4420663 0.952731 0.4324064 0.9702296 0.3537743 0.9698505 0.4420663 0.952731 0.5224191 0.953747 0.5136926 0.970488 0.7496391 0.4552285 0.736855 0.6490203 0.6460254 0.6369056 0.8527097 0.4656558 0.8384589 0.6588619 0.736855 0.6490203 0.1633446 0.1656676 0.134298 0.1632644 0.1351562 0.1535449 0.01087552 0.990658 0.01080381 0.9867861 0.05498379 0.9860409 0.1836661 0.984941 0.1848009 0.9824556 0.2748911 0.986684 0.1848009 0.9824556 0.1846433 0.9790424 0.2728439 0.9827345 0.1906695 0.170013 0.1895455 0.1614292 0.2178402 0.1684808 0.09558051 0.9815312 0.09536451 0.9858211 0.09479403 0.9820791 0.3083853 0.1665896 0.3079169 0.1569238 0.3367524 0.1557183 0.4355334 0.9901671 0.3531403 0.9896394 0.3551031 0.9851126 0.1633446 0.1656676 0.1638881 0.1553595 0.1895455 0.1614292 0.09536451 0.9858211 0.05555349 0.9904677 0.05498379 0.9860409 0.3083853 0.1665896 0.2800116 0.1739327 0.280462 0.1683647 0.2748911 0.986684 0.2728439 0.9827345 0.3551031 0.9851126 0.2176443 0.1773037 0.2178402 0.1684808 0.2489188 0.1779391 0.09558051 0.9815312 0.09575003 0.9783283 0.1846433 0.9790424 0.3628786 0.1626369 0.3367405 0.1667704 0.3367524 0.1557183 0.5180409 0.9896848 0.4355334 0.9901671 0.4361653 0.9855003 0.01282751 0.9711573 0.05645173 0.9706971 0.05498379 0.9860409 0.1633446 0.1656676 0.150082 0.2022491 0.1326819 0.2025155 0.6879628 0.8391501 0.6654569 0.8395691 0.6649373 0.8242431 0.6649373 0.8242431 0.6671615 0.8204139 0.6712678 0.8181945 0.6712678 0.8181945 0.687731 0.8184207 0.6879628 0.8391501 0.7481904 0.03721964 0.7439621 0.03239321 0.748585 0.02803617 0.748585 0.02803617 0.7702396 0.02775943 0.7481904 0.03721964 0.7702396 0.02775943 0.7709797 0.0591765 0.7481904 0.03721964 0.5136926 0.970488 0.517086 0.986285 0.4361653 0.9855003 0.3367405 0.1667704 0.3628786 0.1626369 0.3544723 0.1996486 0.2484093 0.1818653 0.2800116 0.1739327 0.2797033 0.2045167 0.2727476 0.9688359 0.2728439 0.9827345 0.1846433 0.9790424 0.1842959 0.9680697 0.1846433 0.9790424 0.09575003 0.9783283 0.2484093 0.1818653 0.2508818 0.2054163 0.2204837 0.2053831 0.09167981 0.9695371 0.08958256 0.9681916 0.09575003 0.9783283 0.05645173 0.9706971 0.09167981 0.9695371 0.09479403 0.9820791 0.1906695 0.170013 0.1909443 0.2049911 0.150082 0.2022491 0.2176443 0.1773037 0.2204837 0.2053831 0.1909443 0.2049911 0.4324064 0.9702296 0.4361653 0.9855003 0.3551031 0.9851126 0.3537743 0.9698505 0.3551031 0.9851126 0.2728439 0.9827345 0.2800116 0.1739327 0.3083853 0.1665896 0.3091024 0.2044542 0.3367405 0.1667704 0.3345218 0.2018899 0.3091024 0.2044542 0.02602726 0.8340306 0.02876394 0.8122233 0.1158168 0.8123268 0.02876394 0.8122233 0.01786994 0.773426 0.1312712 0.7536419 0.2719434 0.16017 0.1886819 0.1734468 0.1850596 0.1531826 0.5349318 0.7872018 0.4269044 0.7872879 0.4290588 0.7505933 0.2218011 0.8140009 0.2186579 0.7890992 0.3180662 0.7727593 0.3180662 0.7727593 0.2186579 0.7890992 0.2236465 0.7536419 0.3531752 0.157675 0.3521839 0.1313219 0.4314355 0.1204872 0.6378653 0.7905333 0.6403205 0.7577255 0.740152 0.7815843 0.1276562 0.8447915 0.1158168 0.8123268 0.2186579 0.7890992 0.2186579 0.7890992 0.1158168 0.8123268 0.1312712 0.7536419 0.2719434 0.16017 0.2701438 0.1312873 0.3521839 0.1313219 0.6378653 0.7905333 0.5349318 0.7872018 0.5401249 0.7567868 0.1017793 0.1911626 0.0990144 0.1768411 0.1850596 0.1531826 0.3180662 0.7727593 0.3351713 0.7536419 0.4290588 0.7505933 0.5145959 0.1403037 0.4328814 0.1481121 0.4314355 0.1204872 0.7370038 0.819689 0.740152 0.7815843 0.8402034 0.7966421 0.04382741 0.6399429 0.1312712 0.6332674 0.1312712 0.7536419 0.0590732 0.1476102 0.05808091 0.2470164 0.01331186 0.2454976 0.6754091 0.9819901 0.6710167 0.9840883 0.668283 0.9801626 0.668283 0.9801626 0.6663096 0.9652101 0.6754091 0.9819901 0.6663096 0.9652101 0.6888733 0.9644522 0.6754091 0.9819901 0.9453042 0.06184041 0.9460797 0.03031599 0.9664087 0.03577685 0.9664087 0.03577685 0.972853 0.03467786 0.9755509 0.04112827 0.9755509 0.04112827 0.9744089 0.06358659 0.9664087 0.03577685 0.8384589 0.6588619 0.8402034 0.7966421 0.740152 0.7815843 0.4328814 0.1481121 0.5145959 0.1403037 0.5168077 0.2392162 0.1886819 0.1734468 0.2719434 0.16017 0.2689797 0.2501091 0.5422957 0.6375437 0.5401249 0.7567868 0.4290588 0.7505933 0.4351871 0.6363781 0.4290588 0.7505933 0.3351713 0.7536419 0.1017793 0.1911626 0.1886819 0.1734468 0.1852173 0.252118 0.2236465 0.6300312 0.3351713 0.6322436 0.3351713 0.7536419 0.1312712 0.6332674 0.2236465 0.6300312 0.2236465 0.7536419 0.09988373 0.1693887 0.09689813 0.2528544 0.05808091 0.2470164 0.1017793 0.1911626 0.1033466 0.2587347 0.09689813 0.2528544 0.736855 0.6490203 0.740152 0.7815843 0.6403205 0.7577255 0.5422957 0.6375437 0.6460254 0.6369056 0.6403205 0.7577255 0.2719434 0.16017 0.3531752 0.157675 0.352357 0.2485446 0.3531752 0.157675 0.4328814 0.1481121 0.4383304 0.2457085 0.4874531 0.9532885 0.5397105 0.9491236 0.5410122 0.962351 0.6339035 0.003453552 0.6347966 0.005716621 0.589292 0.005236506 0.284295 0.9511184 0.3278341 0.9094405 0.3277934 0.9152581 0.6158345 0.9289562 0.6138629 0.9279206 0.6223559 0.9195687 0.5420217 0.003001332 0.5491198 0.004754483 0.495896 0.008365571 0.495896 0.008365571 0.5491198 0.004754483 0.5518528 0.006882727 0.2327249 0.9591848 0.2344897 0.9734019 0.1821016 0.9740566 0.1821016 0.9740566 0.2344897 0.9734019 0.2354785 0.9837971 0.5879753 0.002216935 0.5881454 0.002818763 0.5491198 0.004754483 0.5491198 0.004754483 0.5881454 0.002818763 0.589292 0.005236506 0.2327249 0.9591848 0.284295 0.9511184 0.287131 0.9640901 0.3696675 0.001233875 0.4148569 0.002167165 0.41373 0.004269421 0.3840097 0.9160053 0.3832249 0.9276241 0.3277934 0.9152581 0.495896 0.008365571 0.4945604 0.009042203 0.4483499 0.008041858 0.1308982 0.9707911 0.1826601 0.9657299 0.1821016 0.9740566 0.2796442 4.71382e-4 0.3242697 0.001599848 0.3241314 0.002689421 0.3241314 0.002689421 0.3241282 0.0151475 0.2787812 0.01510703 0.1268026 0.8968343 0.1765147 0.8908419 0.1826601 0.9657299 0.8430381 0.9844692 0.8249544 0.9849209 0.8450427 0.9801072 0.8249544 0.9849209 0.8236814 0.9640948 0.8450427 0.9801072 0.8236814 0.9640948 0.8464552 0.9632888 0.8450427 0.9801072 0.6347966 0.005716621 0.6378667 0.01832687 0.5910401 0.01787996 0.4845402 0.8766012 0.5378848 0.8758649 0.5397105 0.9491236 0.9463458 0.2791113 0.9463205 0.2474064 0.9695954 0.2748635 0.9463205 0.2474064 0.9755738 0.2467538 0.9695954 0.2748635 0.9755738 0.2467538 0.9749599 0.2722086 0.9695954 0.2748635 0.6138629 0.9279206 0.6003696 0.928981 0.6049284 0.9183187 0.2816447 0.8871389 0.3357821 0.8659739 0.3278341 0.9094405 0.3357821 0.8659739 0.3857114 0.8699198 0.3840097 0.9160053 0.4945604 0.009042203 0.495229 0.01777505 0.4507696 0.01664561 0.4945604 0.009042203 0.5518528 0.006882727 0.5436792 0.01756256 0.4437534 0.8784533 0.4346095 0.9398118 0.3840097 0.9160053 0.4845402 0.8766012 0.4874531 0.9532885 0.4346095 0.9398118 0.5518528 0.006882727 0.589292 0.005236506 0.5910401 0.01787996 0.3699948 0.002987861 0.3707659 0.01549983 0.3241282 0.0151475 0.2299185 0.889468 0.2327249 0.9591848 0.1826601 0.9657299 0.2299185 0.889468 0.2816447 0.8871389 0.284295 0.9511184 0.41373 0.004269421 0.4162868 0.01596057 0.3707659 0.01549983 0.1752333 0.8391627 0.1474934 0.8321379 0.1558874 0.8259944 0.6432008 0.9289188 0.6435298 0.9381853 0.6374588 0.9400501 0.3189992 0.03947359 0.3178671 0.0136891 0.3685965 0.02233791 0.2576338 0.8220489 0.2570665 0.8095507 0.2817459 0.8050926 0.2669248 0.0461288 0.2197794 0.04982966 0.2158064 0.03835117 0.2286813 0.821213 0.201523 0.820981 0.1994509 0.8097783 0.4731901 0.04890519 0.4209994 0.06007784 0.4200302 0.04008984 0.3128073 0.8097195 0.3118777 0.7976422 0.3405823 0.7999259 0.2036491 0.8335031 0.1752333 0.8391627 0.1746667 0.8258889 0.201523 0.820981 0.1746667 0.8258889 0.1760812 0.8105399 0.3706672 0.04654109 0.3685965 0.02233791 0.4200302 0.04008984 0.3128073 0.8097195 0.2851313 0.8183091 0.2817459 0.8050926 0.3189992 0.03947359 0.2669248 0.0461288 0.2650612 0.02142012 0.2576338 0.8220489 0.2286813 0.821213 0.2283316 0.8082538 0.526759 0.03162527 0.4731901 0.04890519 0.4737252 0.03072732 0.3422909 0.8122056 0.3405823 0.7999259 0.3716825 0.8067306 0.6235451 0.9393997 0.6229122 0.9289448 0.6367868 0.9293009 0.1675266 0.04786264 0.170055 0.0961371 0.1183593 0.09647673 0.8455237 0.8391734 0.8228285 0.8387042 0.8449295 0.8261605 0.8228285 0.8387042 0.8225242 0.8199376 0.8364283 0.8194414 0.8449295 0.8261605 0.8364283 0.8194414 0.8424034 0.8214205 0.7490733 0.2653071 0.7478564 0.2470442 0.7736871 0.2459012 0.7736871 0.2459012 0.775604 0.2772207 0.7593153 0.2773588 0.7593153 0.2773588 0.75213 0.2737084 0.7490733 0.2653071 0.3724018 0.7752974 0.3716825 0.8067306 0.3405823 0.7999259 0.4731901 0.04890519 0.526759 0.03162527 0.531409 0.08273643 0.3706672 0.04654109 0.3722212 0.09705013 0.3169232 0.09667879 0.2582981 0.7769269 0.2846043 0.7750777 0.2817459 0.8050926 0.2298678 0.7773772 0.2582981 0.7769269 0.2570665 0.8095507 0.2669248 0.0461288 0.3189992 0.03947359 0.3169232 0.09667879 0.200878 0.7772576 0.2298678 0.7773772 0.2283316 0.8082538 0.1793325 0.7773458 0.200878 0.7772576 0.1994509 0.8097783 0.2197794 0.04982966 0.2223595 0.1018451 0.170055 0.0961371 0.2669248 0.0461288 0.2650973 0.09706598 0.2223595 0.1018451 0.3131178 0.7735686 0.3436068 0.7743937 0.3405823 0.7999259 0.2846043 0.7750777 0.3131178 0.7735686 0.3118777 0.7976422 0.4209994 0.06007784 0.423821 0.09886395 0.3722212 0.09705013 0.4209994 0.06007784 0.4731901 0.04890519 0.4788482 0.09151297</float_array>
          <technique_common>
            <accessor source="#Cube_004-mesh-map-0-array" count="2736" stride="2">
              <param name="S" type="float"/>
              <param name="T" type="float"/>
            </accessor>
          </technique_common>
        </source>
        <vertices id="Cube_004-mesh-vertices">
          <input semantic="POSITION" source="#Cube_004-mesh-positions"/>
        </vertices>
        <triangles material="Material_002-material" count="912">
          <input semantic="VERTEX" source="#Cube_004-mesh-vertices" offset="0"/>
          <input semantic="NORMAL" source="#Cube_004-mesh-normals" offset="1"/>
          <input semantic="TEXCOORD" source="#Cube_004-mesh-map-0" offset="2" set="0"/>
          <p>94 0 0 93 1 1 343 2 2 342 3 3 8 4 4 136 5 5 119 6 6 137 7 7 341 8 8 98 9 9 92 10 10 340 11 11 339 12 12 9 13 13 140 14 14 338 15 15 4 16 16 141 17 17 336 18 18 10 19 19 144 20 20 335 21 21 7 22 22 145 23 23 107 24 24 148 25 25 333 26 26 91 27 27 149 28 28 332 29 29 111 30 30 152 31 31 330 32 32 89 33 33 153 34 34 329 35 35 115 36 36 156 37 37 327 38 38 87 39 39 157 40 40 326 41 41 325 42 42 53 43 43 117 44 44 324 45 45 54 46 46 160 47 47 323 48 48 23 49 49 161 50 50 322 51 51 52 52 52 116 53 53 321 54 54 55 55 55 164 56 56 155 57 57 165 58 58 320 59 59 167 60 60 168 61 61 318 62 62 317 63 63 50 64 64 169 65 65 170 66 66 113 67 67 316 68 68 315 69 69 57 70 70 172 71 71 314 72 72 25 73 73 173 74 74 313 75 75 48 76 76 112 77 77 175 78 78 176 79 79 312 80 80 311 81 81 47 82 82 177 83 83 309 84 84 59 85 85 180 86 86 308 87 87 46 88 88 181 89 89 182 90 90 109 91 91 307 92 92 306 93 93 60 94 94 184 95 95 305 96 96 27 97 97 185 98 98 304 99 99 44 100 100 108 101 101 187 102 102 188 103 103 303 104 104 302 105 105 43 106 106 189 107 107 300 108 108 62 109 109 192 110 110 146 111 111 193 112 112 299 113 113 298 114 114 41 115 115 105 116 116 195 117 117 196 118 118 297 119 119 296 120 120 29 121 121 197 122 122 295 123 123 40 124 124 104 125 125 199 126 126 200 127 127 294 128 128 293 129 129 39 130 130 201 131 131 203 132 132 204 133 133 291 134 134 290 135 135 38 136 136 205 137 137 289 138 138 37 139 139 101 140 140 207 141 141 208 142 142 288 143 143 82 144 144 209 145 145 287 146 146 210 147 147 100 148 148 286 149 149 285 150 150 67 151 151 212 152 152 139 153 153 213 154 154 284 155 155 283 156 156 28 157 157 132 158 158 282 159 159 68 160 160 216 161 161 138 162 162 217 163 163 281 164 164 280 165 165 33 166 166 97 167 167 279 168 168 69 169 169 220 170 170 79 171 171 221 172 172 278 173 173 222 174 174 96 175 175 277 176 176 223 177 177 224 178 178 276 179 179 275 180 180 31 181 181 225 182 182 226 183 183 133 184 184 274 185 185 227 186 186 228 187 187 273 188 188 272 189 189 30 190 190 229 191 191 230 192 192 125 193 193 271 194 194 270 195 195 72 196 196 232 197 197 87 39 198 233 198 199 269 199 200 268 200 201 20 201 202 124 202 203 267 203 204 73 204 205 236 205 206 90 206 207 237 207 208 266 208 209 239 209 210 240 210 211 264 211 212 125 193 213 241 212 214 263 213 215 261 214 216 75 215 217 244 216 218 260 217 219 19 218 220 245 219 221 247 220 222 248 221 223 258 222 224 121 223 225 249 224 226 257 225 227 251 226 228 252 227 229 255 228 230 119 6 231 253 229 232 254 230 233 251 226 234 253 229 235 77 231 236 53 43 237 254 230 238 251 226 239 1 232 240 254 230 241 157 40 242 255 228 243 50 64 244 154 233 245 13 234 246 255 228 247 154 233 248 53 43 249 255 228 250 117 44 251 252 227 252 114 235 253 50 64 254 77 231 255 256 236 256 252 227 257 257 225 258 76 237 259 247 220 260 153 34 261 247 220 262 49 238 263 3 239 264 257 225 265 153 34 266 150 240 267 248 221 268 46 88 269 113 67 270 150 240 271 12 241 272 49 238 273 258 222 274 113 67 275 248 221 276 110 242 277 46 88 278 76 237 279 259 243 280 248 221 281 243 244 282 245 219 283 75 215 284 149 28 285 243 244 286 45 245 287 149 28 288 123 246 289 260 217 290 261 214 291 42 247 292 146 111 293 109 91 294 146 111 295 11 248 296 45 245 297 261 214 298 109 91 299 42 247 300 262 249 301 106 250 302 244 216 303 242 251 304 262 249 305 263 213 306 74 252 307 239 209 308 41 115 309 263 213 310 239 209 311 145 23 312 125 193 313 263 213 314 264 211 315 38 136 316 142 253 317 10 19 318 264 211 319 142 253 320 105 116 321 239 209 322 264 211 323 240 210 324 102 254 325 38 136 326 74 252 327 265 255 328 240 210 329 235 256 330 237 207 331 73 204 332 37 139 333 266 208 334 235 256 335 4 16 336 266 208 337 141 17 338 267 203 339 34 257 340 138 162 341 9 13 342 267 203 343 138 162 344 101 140 345 235 256 346 267 203 347 268 200 348 6 258 349 98 9 350 34 257 351 268 200 352 98 9 353 236 205 354 234 259 355 268 200 356 231 260 357 233 198 358 72 196 359 137 7 360 231 260 361 33 166 362 1 232 363 269 199 364 137 7 365 270 195 366 30 190 367 134 261 368 97 167 369 134 261 370 8 4 371 97 167 372 231 260 373 270 195 374 271 194 375 7 22 376 94 0 377 232 197 378 94 0 379 30 190 380 72 196 381 271 194 382 232 197 383 272 189 384 71 262 385 227 186 386 136 5 387 227 186 388 32 263 389 8 4 390 272 189 391 136 5 392 123 246 393 228 187 394 19 218 395 96 175 396 123 246 397 5 264 398 32 263 399 273 188 400 96 175 401 19 218 402 274 185 403 83 265 404 71 262 405 274 185 406 228 187 407 275 180 408 70 266 409 223 177 410 121 223 411 223 177 412 17 267 413 121 223 414 135 268 415 275 180 416 276 179 417 27 97 418 131 269 419 17 267 420 276 179 421 81 270 422 277 176 423 5 264 424 91 27 425 27 97 426 277 176 427 91 27 428 224 178 429 222 174 430 277 176 431 278 173 432 69 169 433 219 271 434 129 272 435 219 271 436 25 73 437 279 168 438 31 181 439 135 268 440 89 33 441 135 268 442 3 239 443 89 33 444 219 271 445 279 168 446 95 273 447 97 167 448 8 4 449 31 181 450 280 165 451 95 273 452 220 170 453 218 274 454 280 165 455 281 164 456 68 160 457 215 275 458 36 276 459 281 164 460 215 275 461 9 13 462 281 164 463 140 14 464 118 277 465 216 161 466 14 278 467 0 279 468 282 159 469 118 277 470 36 276 471 282 159 472 100 148 473 14 278 474 283 156 475 78 280 476 216 161 477 214 281 478 283 156 479 211 282 480 213 154 481 67 151 482 120 283 483 211 282 484 16 284 485 2 285 486 284 155 487 120 283 488 126 286 489 212 152 490 22 287 491 16 284 492 285 150 493 80 288 494 86 289 495 100 148 496 0 279 497 22 287 498 286 149 499 86 289 500 212 152 501 210 147 502 286 149 503 287 146 504 66 290 505 207 141 506 128 291 507 207 141 508 24 292 509 139 153 510 208 142 511 35 293 512 88 294 513 139 153 514 2 285 515 88 294 516 207 141 517 288 143 518 99 295 519 101 140 520 9 13 521 35 293 522 289 138 523 99 295 524 208 142 525 206 296 526 289 138 527 290 135 528 65 297 529 203 132 530 40 124 531 290 135 532 203 132 533 10 19 534 290 135 535 144 20 536 92 10 537 204 133 538 28 157 539 6 258 540 291 134 541 92 10 542 104 125 543 203 132 544 291 134 545 28 157 546 292 298 547 132 158 548 204 133 549 202 299 550 292 298 551 293 129 552 64 300 553 199 126 554 294 128 555 20 201 556 84 301 557 124 202 558 104 125 559 6 258 560 20 201 561 295 123 562 124 202 563 200 127 564 198 302 565 295 123 566 195 117 567 197 122 568 63 303 569 143 304 570 196 118 571 39 130 572 298 114 573 10 19 574 103 305 575 39 130 576 298 114 577 103 305 578 196 118 579 194 306 580 298 114 581 299 113 582 62 109 583 191 307 584 148 25 585 191 307 586 44 100 587 11 248 588 299 113 589 148 25 590 300 108 591 26 308 592 90 206 593 108 101 594 90 206 595 4 16 596 44 100 597 300 108 598 108 101 599 192 110 600 130 309 601 26 308 602 192 110 603 190 310 604 301 311 605 187 102 606 189 107 607 61 312 608 303 104 609 18 313 610 82 144 611 122 314 612 108 101 613 4 16 614 18 313 615 304 99 616 122 314 617 61 312 618 304 99 619 188 103 620 183 315 621 185 98 622 60 94 623 147 316 624 184 95 625 43 106 626 307 92 627 11 248 628 107 24 629 43 106 630 307 92 631 107 24 632 184 95 633 182 90 634 307 92 635 179 317 636 181 89 637 59 85 638 152 31 639 179 317 640 48 76 641 12 241 642 308 87 643 152 31 644 88 294 645 180 86 646 24 292 647 2 285 648 309 84 649 88 294 650 112 77 651 179 317 652 309 84 653 24 292 654 310 318 655 128 291 656 180 86 657 178 319 658 310 318 659 311 81 660 58 320 661 175 78 662 80 288 663 176 79 664 16 284 665 313 75 666 2 285 667 120 283 668 16 284 669 313 75 670 120 283 671 176 79 672 174 321 673 313 75 674 314 72 675 57 70 676 171 322 677 151 323 678 172 71 679 47 82 680 316 68 681 12 241 682 111 30 683 47 82 684 316 68 685 111 30 686 172 71 687 170 66 688 316 68 689 317 63 690 56 324 691 167 60 692 52 52 693 317 63 694 167 60 695 13 234 696 317 63 697 156 37 698 318 62 699 22 287 700 86 289 701 0 279 702 318 62 703 86 289 704 116 53 705 167 60 706 318 62 707 22 287 708 319 325 709 126 286 710 168 61 711 166 326 712 319 325 713 320 59 714 55 55 715 163 327 716 78 280 717 164 56 718 14 278 719 118 277 720 116 53 721 0 279 722 164 56 723 118 277 724 14 278 725 55 55 726 322 51 727 164 56 728 159 328 729 161 50 730 54 46 731 324 45 732 51 329 733 155 57 734 115 36 735 117 44 736 13 234 737 160 47 738 115 36 739 51 329 740 54 46 741 325 42 742 160 47 743 326 41 744 53 43 745 158 330 746 54 46 747 326 41 748 158 330 749 161 50 750 87 39 751 326 41 752 327 38 753 52 52 754 162 331 755 55 55 756 327 38 757 162 331 758 51 329 759 327 38 760 165 58 761 56 324 762 328 332 763 166 326 764 50 64 765 328 332 766 169 65 767 329 35 768 49 238 769 170 66 770 57 70 771 329 35 772 170 66 773 173 74 774 89 33 775 329 35 776 330 32 777 48 76 778 174 321 779 58 320 780 330 32 781 174 321 782 177 83 783 111 30 784 330 32 785 59 85 786 331 333 787 178 319 788 181 89 789 110 242 790 331 333 791 332 29 792 45 245 793 182 90 794 185 98 795 182 90 796 60 94 797 185 98 798 91 27 799 332 29 800 333 26 801 44 100 802 186 334 803 189 107 804 186 334 805 61 312 806 43 106 807 333 26 808 189 107 809 62 109 810 334 335 811 190 310 812 193 112 813 106 250 814 334 335 815 194 306 816 145 23 817 41 115 818 63 303 819 335 21 820 194 306 821 197 122 822 93 1 823 335 21 824 198 302 825 144 20 826 40 124 827 201 131 828 198 302 829 64 300 830 39 130 831 336 18 832 201 131 833 65 297 834 337 336 835 202 299 836 205 137 837 102 254 838 337 336 839 206 296 840 141 17 841 37 139 842 66 290 843 338 15 844 206 296 845 18 313 846 338 15 847 209 145 848 210 147 849 140 14 850 36 276 851 67 151 852 339 12 853 210 147 854 213 154 855 99 295 856 339 12 857 340 11 858 28 157 859 214 281 860 217 163 861 214 281 862 68 160 863 34 257 864 340 11 865 217 163 866 218 274 867 137 7 868 33 166 869 221 172 870 218 274 871 69 169 872 15 337 873 341 8 874 221 172 875 342 3 876 32 263 877 222 174 878 225 182 879 222 174 880 70 266 881 225 182 882 95 273 883 342 3 884 343 2 885 29 121 886 226 183 887 229 191 888 226 183 889 71 262 890 30 190 891 343 2 892 229 191 893 230 192 894 85 338 895 21 339 896 233 198 897 230 192 898 72 196 899 23 49 900 344 340 901 233 198 902 345 341 903 20 201 904 234 259 905 237 207 906 234 259 907 73 204 908 237 207 909 130 309 910 345 341 911 241 212 912 238 342 913 74 252 914 21 339 915 346 343 916 241 212 917 75 215 918 347 344 919 242 251 920 19 218 921 347 344 922 245 219 923 249 224 924 246 345 925 76 237 926 249 224 927 81 270 928 348 346 929 253 229 930 250 347 931 77 231 932 15 337 933 349 348 934 253 229 935 366 349 936 352 350 937 367 351 938 352 350 939 365 352 940 367 351 941 356 353 942 370 354 943 369 355 944 358 356 945 368 357 946 370 354 947 359 358 948 373 359 949 372 360 950 373 359 951 360 361 952 371 362 953 362 363 954 376 364 955 375 365 956 376 364 957 363 366 958 374 367 959 366 349 960 361 368 961 359 358 962 361 368 963 365 352 964 360 361 965 362 363 966 370 354 967 364 369 968 370 354 969 363 366 970 364 369 971 372 360 972 358 356 973 356 353 974 373 359 975 357 370 976 358 356 977 353 371 978 376 364 979 355 372 980 355 372 981 374 367 982 354 373 983 128 291 984 365 352 985 350 374 986 366 349 987 82 144 988 351 375 989 350 374 990 351 375 991 287 146 992 276 179 993 131 269 994 353 371 995 81 270 996 374 367 997 348 346 998 375 365 999 131 269 1000 305 96 1001 356 353 1002 306 93 1003 147 316 1004 259 243 1005 357 370 1006 110 242 1007 110 242 1008 371 362 1009 331 333 1010 356 353 1011 302 105 1012 372 360 1013 178 319 1014 371 362 1015 360 361 1016 310 318 1017 360 361 1018 365 352 1019 359 358 1020 303 104 1021 366 349 1022 372 360 1023 187 102 1024 359 358 1025 348 346 1026 363 366 1027 246 345 1028 246 345 1029 368 357 1030 259 243 1031 369 355 1032 183 315 1033 306 93 1034 375 365 1035 183 315 1036 362 363 1037 378 376 1038 394 377 1039 393 378 1040 379 379 1041 392 380 1042 394 377 1043 396 381 1044 385 382 1045 397 383 1046 397 383 1047 384 384 1048 395 385 1049 386 386 1050 400 387 1051 399 388 1052 400 387 1053 387 389 1054 398 390 1055 389 391 1056 403 392 1057 402 393 1058 391 394 1059 401 395 1060 403 392 1061 393 378 1062 388 396 1063 386 386 1064 388 396 1065 392 380 1066 387 389 1067 396 381 1068 391 394 1069 389 391 1070 391 394 1071 395 385 1072 390 397 1073 399 388 1074 385 382 1075 383 398 1076 400 387 1077 384 384 1078 385 382 1079 380 399 1080 403 392 1081 382 400 1082 403 392 1083 381 401 1084 382 400 1085 126 286 1086 392 380 1087 377 402 1088 393 378 1089 80 288 1090 378 376 1091 285 150 1092 126 286 1093 377 402 1094 79 171 1095 278 173 1096 380 399 1097 79 171 1098 401 395 1099 349 348 1100 402 393 1101 129 272 1102 314 72 1103 383 398 1104 315 69 1105 151 323 1106 256 236 1107 384 384 1108 114 235 1109 114 235 1110 398 390 1111 328 332 1112 399 388 1113 151 323 1114 311 81 1115 166 326 1116 398 390 1117 387 389 1118 319 325 1119 387 389 1120 392 380 1121 386 386 1122 312 80 1123 393 378 1124 399 388 1125 175 78 1126 386 386 1127 349 348 1128 390 397 1129 250 347 1130 256 236 1131 390 397 1132 395 385 1133 396 381 1134 171 322 1135 315 69 1136 389 391 1137 314 72 1138 171 322 1139 420 403 1140 409 404 1141 421 405 1142 409 404 1143 419 406 1144 421 405 1145 423 407 1146 412 408 1147 424 409 1148 412 408 1149 422 410 1150 424 409 1151 413 411 1152 427 412 1153 426 413 1154 427 412 1155 414 414 1156 425 415 1157 416 416 1158 430 417 1159 429 418 1160 430 417 1161 417 419 1162 428 420 1163 420 403 1164 415 421 1165 413 411 1166 415 421 1167 419 406 1168 414 414 1169 416 416 1170 424 409 1171 418 422 1172 418 422 1173 422 410 1174 417 419 1175 426 413 1176 412 408 1177 410 423 1178 427 412 1179 411 424 1180 412 408 1181 404 425 1182 430 417 1183 406 426 1184 406 426 1185 428 420 1186 405 427 1187 428 420 1188 78 280 1189 405 427 1190 132 158 1191 429 418 1192 404 425 1193 404 425 1194 406 426 1195 405 427 1196 407 428 1197 323 48 1198 419 406 1199 346 343 1200 408 429 1201 420 403 1202 407 428 1203 409 404 1204 408 429 1205 411 424 1206 320 59 1207 422 410 1208 337 336 1209 410 423 1210 423 407 1211 102 254 1212 426 413 1213 410 423 1214 425 415 1215 155 57 1216 411 424 1217 425 415 1218 159 328 1219 324 45 1220 238 342 1221 426 413 1222 265 255 1223 346 343 1224 413 411 1225 238 342 1226 414 414 1227 323 48 1228 159 328 1229 417 419 1230 321 54 1231 428 420 1232 202 299 1233 429 418 1234 292 298 1235 202 299 1236 423 407 1237 416 416 1238 422 410 1239 163 327 1240 417 419 1241 447 430 1242 433 431 1243 448 432 1244 448 432 1245 431 433 1246 446 434 1247 437 435 1248 451 436 1249 450 437 1250 439 438 1251 449 439 1252 451 436 1253 453 440 1254 442 441 1255 454 442 1256 454 442 1257 441 443 1258 452 444 1259 456 445 1260 445 446 1261 457 447 1262 445 446 1263 455 448 1264 457 447 1265 440 449 1266 448 432 1267 442 441 1268 442 441 1269 446 434 1270 441 443 1271 450 437 1272 445 446 1273 443 450 1274 445 446 1275 449 439 1276 444 451 1277 437 435 1278 454 442 1279 439 438 1280 439 438 1281 452 444 1282 438 452 1283 434 453 1284 457 447 1285 436 454 1286 457 447 1287 435 455 1288 436 454 1289 130 309 1290 446 434 1291 431 433 1292 447 430 1293 84 301 1294 432 456 1295 345 341 1296 431 433 1297 432 456 1298 274 185 1299 434 453 1300 435 455 1301 83 265 1302 455 448 1303 347 344 1304 456 445 1305 133 184 1306 296 120 1307 450 437 1308 143 304 1309 437 435 1310 106 250 1311 449 439 1312 438 452 1313 334 335 1314 438 452 1315 452 444 1316 453 440 1317 143 304 1318 293 129 1319 190 310 1320 452 444 1321 441 443 1322 301 311 1323 441 443 1324 446 434 1325 440 449 1326 294 128 1327 447 430 1328 453 440 1329 199 126 1330 440 449 1331 242 251 1332 455 448 1333 444 451 1334 262 249 1335 444 451 1336 449 439 1337 443 450 1338 297 119 1339 450 437 1340 443 450 1341 296 120 1342 195 117 1343 94 0 1344 7 22 1345 93 1 1346 342 3 1347 95 273 1348 8 4 1349 119 6 1350 1 232 1351 137 7 1352 98 9 1353 6 258 1354 92 10 1355 339 12 1356 99 295 1357 9 13 1358 338 15 1359 122 314 1360 4 16 1361 336 18 1362 103 305 1363 10 19 1364 335 21 1365 93 1 1366 7 22 1367 107 24 1368 11 248 1369 148 25 1370 91 27 1371 5 264 1372 149 28 1373 111 30 1374 12 241 1375 152 31 1376 89 33 1377 3 239 1378 153 34 1379 115 36 1380 13 234 1381 156 37 1382 87 39 1383 1 232 1384 157 40 1385 325 42 1386 158 330 1387 53 43 1388 324 45 1389 159 328 1390 54 46 1391 323 48 1392 127 457 1393 23 49 1394 322 51 1395 162 331 1396 52 52 1397 321 54 1398 163 327 1399 55 55 1400 155 57 1401 51 329 1402 165 58 1403 167 60 1404 56 324 1405 168 61 1406 317 63 1407 154 233 1408 50 64 1409 170 66 1410 49 238 1411 113 67 1412 315 69 1413 171 322 1414 57 70 1415 314 72 1416 129 272 1417 25 73 1418 313 75 1419 174 321 1420 48 76 1421 175 78 1422 58 320 1423 176 79 1424 311 81 1425 151 323 1426 47 82 1427 309 84 1428 179 317 1429 59 85 1430 308 87 1431 150 240 1432 46 88 1433 182 90 1434 45 245 1435 109 91 1436 306 93 1437 183 315 1438 60 94 1439 305 96 1440 131 269 1441 27 97 1442 304 99 1443 186 334 1444 44 100 1445 187 102 1446 61 312 1447 188 103 1448 302 105 1449 147 316 1450 43 106 1451 300 108 1452 191 307 1453 62 109 1454 146 111 1455 42 247 1456 193 112 1457 298 114 1458 194 306 1459 41 115 1460 195 117 1461 63 303 1462 196 118 1463 296 120 1464 133 184 1465 29 121 1466 295 123 1467 198 302 1468 40 124 1469 199 126 1470 64 300 1471 200 127 1472 293 129 1473 143 304 1474 39 130 1475 203 132 1476 65 297 1477 204 133 1478 290 135 1479 142 253 1480 38 136 1481 289 138 1482 206 296 1483 37 139 1484 207 141 1485 66 290 1486 208 142 1487 82 144 1488 18 313 1489 209 145 1490 210 147 1491 36 276 1492 100 148 1493 285 150 1494 211 282 1495 67 151 1496 139 153 1497 35 293 1498 213 154 1499 283 156 1500 214 281 1501 28 157 1502 282 159 1503 215 275 1504 68 160 1505 138 162 1506 34 257 1507 217 163 1508 280 165 1509 218 274 1510 33 166 1511 279 168 1512 219 271 1513 69 169 1514 79 171 1515 15 337 1516 221 172 1517 222 174 1518 32 263 1519 96 175 1520 223 177 1521 70 266 1522 224 178 1523 275 180 1524 135 268 1525 31 181 1526 226 183 1527 29 121 1528 133 184 1529 227 186 1530 71 262 1531 228 187 1532 272 189 1533 134 261 1534 30 190 1535 230 192 1536 21 339 1537 125 193 1538 270 195 1539 231 260 1540 72 196 1541 87 39 1542 23 49 1543 233 198 1544 268 200 1545 234 259 1546 20 201 1547 267 203 1548 235 256 1549 73 204 1550 90 206 1551 26 308 1552 237 207 1553 239 209 1554 74 252 1555 240 210 1556 125 193 1557 21 339 1558 241 212 1559 261 214 1560 243 244 1561 75 215 1562 260 217 1563 123 246 1564 19 218 1565 247 220 1566 76 237 1567 248 221 1568 121 223 1569 17 267 1570 249 224 1571 251 226 1572 77 231 1573 252 227 1574 119 6 1575 15 337 1576 253 229 1577 251 226 1578 254 230 1579 253 229 1580 53 43 1581 157 40 1582 254 230 1583 1 232 1584 119 6 1585 254 230 1586 255 228 1587 252 227 1588 50 64 1589 13 234 1590 117 44 1591 255 228 1592 53 43 1593 251 226 1594 255 228 1595 252 227 1596 256 236 1597 114 235 1598 77 231 1599 250 347 1600 256 236 1601 257 225 1602 249 224 1603 76 237 1604 153 34 1605 257 225 1606 247 220 1607 3 239 1608 121 223 1609 257 225 1610 150 240 1611 258 222 1612 248 221 1613 113 67 1614 258 222 1615 150 240 1616 49 238 1617 247 220 1618 258 222 1619 248 221 1620 259 243 1621 110 242 1622 76 237 1623 246 345 1624 259 243 1625 243 244 1626 260 217 1627 245 219 1628 149 28 1629 260 217 1630 243 244 1631 149 28 1632 5 264 1633 123 246 1634 261 214 1635 244 216 1636 42 247 1637 109 91 1638 261 214 1639 146 111 1640 45 245 1641 243 244 1642 261 214 1643 42 247 1644 244 216 1645 262 249 1646 244 216 1647 75 215 1648 242 251 1649 263 213 1650 241 212 1651 74 252 1652 41 115 1653 145 23 1654 263 213 1655 145 23 1656 7 22 1657 125 193 1658 264 211 1659 240 210 1660 38 136 1661 10 19 1662 105 116 1663 264 211 1664 105 116 1665 41 115 1666 239 209 1667 240 210 1668 265 255 1669 102 254 1670 74 252 1671 238 342 1672 265 255 1673 235 256 1674 266 208 1675 237 207 1676 37 139 1677 141 17 1678 266 208 1679 4 16 1680 90 206 1681 266 208 1682 267 203 1683 236 205 1684 34 257 1685 9 13 1686 101 140 1687 267 203 1688 101 140 1689 37 139 1690 235 256 1691 268 200 1692 124 202 1693 6 258 1694 34 257 1695 236 205 1696 268 200 1697 236 205 1698 73 204 1699 234 259 1700 231 260 1701 269 199 1702 233 198 1703 137 7 1704 269 199 1705 231 260 1706 1 232 1707 87 39 1708 269 199 1709 270 195 1710 232 197 1711 30 190 1712 97 167 1713 270 195 1714 134 261 1715 97 167 1716 33 166 1717 231 260 1718 271 194 1719 125 193 1720 7 22 1721 232 197 1722 271 194 1723 94 0 1724 72 196 1725 230 192 1726 271 194 1727 272 189 1728 229 191 1729 71 262 1730 136 5 1731 272 189 1732 227 186 1733 8 4 1734 134 261 1735 272 189 1736 123 246 1737 273 188 1738 228 187 1739 96 175 1740 273 188 1741 123 246 1742 32 263 1743 227 186 1744 273 188 1745 19 218 1746 228 187 1747 274 185 1748 71 262 1749 226 183 1750 274 185 1751 275 180 1752 225 182 1753 70 266 1754 121 223 1755 275 180 1756 223 177 1757 121 223 1758 3 239 1759 135 268 1760 276 179 1761 224 178 1762 27 97 1763 17 267 1764 223 177 1765 276 179 1766 277 176 1767 96 175 1768 5 264 1769 27 97 1770 224 178 1771 277 176 1772 224 178 1773 70 266 1774 222 174 1775 278 173 1776 221 172 1777 69 169 1778 129 272 1779 278 173 1780 219 271 1781 279 168 1782 220 170 1783 31 181 1784 89 33 1785 279 168 1786 135 268 1787 89 33 1788 25 73 1789 219 271 1790 95 273 1791 280 165 1792 97 167 1793 31 181 1794 220 170 1795 280 165 1796 220 170 1797 69 169 1798 218 274 1799 281 164 1800 217 163 1801 68 160 1802 36 276 1803 140 14 1804 281 164 1805 9 13 1806 138 162 1807 281 164 1808 118 277 1809 282 159 1810 216 161 1811 0 279 1812 100 148 1813 282 159 1814 36 276 1815 215 275 1816 282 159 1817 14 278 1818 216 161 1819 283 156 1820 216 161 1821 68 160 1822 214 281 1823 211 282 1824 284 155 1825 213 154 1826 120 283 1827 284 155 1828 211 282 1829 2 285 1830 139 153 1831 284 155 1832 126 286 1833 285 150 1834 212 152 1835 16 284 1836 211 282 1837 285 150 1838 86 289 1839 286 149 1840 100 148 1841 22 287 1842 212 152 1843 286 149 1844 212 152 1845 67 151 1846 210 147 1847 287 146 1848 209 145 1849 66 290 1850 128 291 1851 287 146 1852 207 141 1853 139 153 1854 288 143 1855 208 142 1856 88 294 1857 288 143 1858 139 153 1859 88 294 1860 24 292 1861 207 141 1862 99 295 1863 289 138 1864 101 140 1865 35 293 1866 208 142 1867 289 138 1868 208 142 1869 66 290 1870 206 296 1871 290 135 1872 205 137 1873 65 297 1874 40 124 1875 144 20 1876 290 135 1877 10 19 1878 142 253 1879 290 135 1880 92 10 1881 291 134 1882 204 133 1883 6 258 1884 104 125 1885 291 134 1886 104 125 1887 40 124 1888 203 132 1889 28 157 1890 204 133 1891 292 298 1892 204 133 1893 65 297 1894 202 299 1895 293 129 1896 201 131 1897 64 300 1898 294 128 1899 200 127 1900 20 201 1901 124 202 1902 295 123 1903 104 125 1904 20 201 1905 200 127 1906 295 123 1907 200 127 1908 64 300 1909 198 302 1910 195 117 1911 296 120 1912 197 122 1913 143 304 1914 297 119 1915 196 118 1916 298 114 1917 105 116 1918 10 19 1919 39 130 1920 196 118 1921 298 114 1922 196 118 1923 63 303 1924 194 306 1925 299 113 1926 193 112 1927 62 109 1928 148 25 1929 299 113 1930 191 307 1931 11 248 1932 146 111 1933 299 113 1934 300 108 1935 192 110 1936 26 308 1937 108 101 1938 300 108 1939 90 206 1940 44 100 1941 191 307 1942 300 108 1943 192 110 1944 301 311 1945 130 309 1946 192 110 1947 62 109 1948 190 310 1949 187 102 1950 302 105 1951 189 107 1952 303 104 1953 188 103 1954 18 313 1955 122 314 1956 304 99 1957 108 101 1958 18 313 1959 188 103 1960 304 99 1961 61 312 1962 186 334 1963 304 99 1964 183 315 1965 305 96 1966 185 98 1967 147 316 1968 306 93 1969 184 95 1970 307 92 1971 109 91 1972 11 248 1973 43 106 1974 184 95 1975 307 92 1976 184 95 1977 60 94 1978 182 90 1979 179 317 1980 308 87 1981 181 89 1982 152 31 1983 308 87 1984 179 317 1985 12 241 1986 150 240 1987 308 87 1988 88 294 1989 309 84 1990 180 86 1991 2 285 1992 112 77 1993 309 84 1994 112 77 1995 48 76 1996 179 317 1997 24 292 1998 180 86 1999 310 318 2000 180 86 2001 59 85 2002 178 319 2003 311 81 2004 177 83 2005 58 320 2006 80 288 2007 312 80 2008 176 79 2009 313 75 2010 112 77 2011 2 285 2012 16 284 2013 176 79 2014 313 75 2015 176 79 2016 58 320 2017 174 321 2018 314 72 2019 173 74 2020 57 70 2021 151 323 2022 315 69 2023 172 71 2024 316 68 2025 113 67 2026 12 241 2027 47 82 2028 172 71 2029 316 68 2030 172 71 2031 57 70 2032 170 66 2033 317 63 2034 169 65 2035 56 324 2036 52 52 2037 156 37 2038 317 63 2039 13 234 2040 154 233 2041 317 63 2042 318 62 2043 168 61 2044 22 287 2045 0 279 2046 116 53 2047 318 62 2048 116 53 2049 52 52 2050 167 60 2051 22 287 2052 168 61 2053 319 325 2054 168 61 2055 56 324 2056 166 326 2057 320 59 2058 165 58 2059 55 55 2060 78 280 2061 321 54 2062 164 56 2063 118 277 2064 322 51 2065 116 53 2066 164 56 2067 322 51 2068 118 277 2069 55 55 2070 162 331 2071 322 51 2072 159 328 2073 323 48 2074 161 50 2075 324 45 2076 160 47 2077 51 329 2078 115 36 2079 325 42 2080 117 44 2081 160 47 2082 325 42 2083 115 36 2084 54 46 2085 158 330 2086 325 42 2087 326 41 2088 157 40 2089 53 43 2090 54 46 2091 161 50 2092 326 41 2093 161 50 2094 23 49 2095 87 39 2096 327 38 2097 156 37 2098 52 52 2099 55 55 2100 165 58 2101 327 38 2102 51 329 2103 115 36 2104 327 38 2105 56 324 2106 169 65 2107 328 332 2108 50 64 2109 114 235 2110 328 332 2111 329 35 2112 153 34 2113 49 238 2114 57 70 2115 173 74 2116 329 35 2117 173 74 2118 25 73 2119 89 33 2120 330 32 2121 152 31 2122 48 76 2123 58 320 2124 177 83 2125 330 32 2126 177 83 2127 47 82 2128 111 30 2129 59 85 2130 181 89 2131 331 333 2132 181 89 2133 46 88 2134 110 242 2135 332 29 2136 149 28 2137 45 245 2138 185 98 2139 332 29 2140 182 90 2141 185 98 2142 27 97 2143 91 27 2144 333 26 2145 148 25 2146 44 100 2147 189 107 2148 333 26 2149 186 334 2150 43 106 2151 107 24 2152 333 26 2153 62 109 2154 193 112 2155 334 335 2156 193 112 2157 42 247 2158 106 250 2159 194 306 2160 335 21 2161 145 23 2162 63 303 2163 197 122 2164 335 21 2165 197 122 2166 29 121 2167 93 1 2168 198 302 2169 336 18 2170 144 20 2171 201 131 2172 336 18 2173 198 302 2174 39 130 2175 103 305 2176 336 18 2177 65 297 2178 205 137 2179 337 336 2180 205 137 2181 38 136 2182 102 254 2183 206 296 2184 338 15 2185 141 17 2186 66 290 2187 209 145 2188 338 15 2189 18 313 2190 122 314 2191 338 15 2192 210 147 2193 339 12 2194 140 14 2195 67 151 2196 213 154 2197 339 12 2198 213 154 2199 35 293 2200 99 295 2201 340 11 2202 92 10 2203 28 157 2204 217 163 2205 340 11 2206 214 281 2207 34 257 2208 98 9 2209 340 11 2210 218 274 2211 341 8 2212 137 7 2213 221 172 2214 341 8 2215 218 274 2216 15 337 2217 119 6 2218 341 8 2219 342 3 2220 136 5 2221 32 263 2222 225 182 2223 342 3 2224 222 174 2225 225 182 2226 31 181 2227 95 273 2228 343 2 2229 93 1 2230 29 121 2231 229 191 2232 343 2 2233 226 183 2234 30 190 2235 94 0 2236 343 2 2237 230 192 2238 344 340 2239 85 338 2240 233 198 2241 344 340 2242 230 192 2243 23 49 2244 127 457 2245 344 340 2246 345 341 2247 84 301 2248 20 201 2249 237 207 2250 345 341 2251 234 259 2252 237 207 2253 26 308 2254 130 309 2255 241 212 2256 346 343 2257 238 342 2258 21 339 2259 85 338 2260 346 343 2261 75 215 2262 245 219 2263 347 344 2264 19 218 2265 83 265 2266 347 344 2267 249 224 2268 348 346 2269 246 345 2270 249 224 2271 17 267 2272 81 270 2273 253 229 2274 349 348 2275 250 347 2276 15 337 2277 79 171 2278 349 348 2279 366 349 2280 351 375 2281 352 350 2282 352 350 2283 350 374 2284 365 352 2285 356 353 2286 358 356 2287 370 354 2288 358 356 2289 357 370 2290 368 357 2291 359 358 2292 361 368 2293 373 359 2294 373 359 2295 361 368 2296 360 361 2297 362 363 2298 364 369 2299 376 364 2300 376 364 2301 364 369 2302 363 366 2303 366 349 2304 367 351 2305 361 368 2306 361 368 2307 367 351 2308 365 352 2309 362 363 2310 369 355 2311 370 354 2312 370 354 2313 368 357 2314 363 366 2315 372 360 2316 373 359 2317 358 356 2318 373 359 2319 371 362 2320 357 370 2321 353 371 2322 375 365 2323 376 364 2324 355 372 2325 376 364 2326 374 367 2327 128 291 2328 310 318 2329 365 352 2330 366 349 2331 303 104 2332 82 144 2333 287 146 2334 128 291 2335 350 374 2336 350 374 2337 352 350 2338 351 375 2339 351 375 2340 82 144 2341 287 146 2342 353 371 2343 355 372 2344 354 373 2345 354 373 2346 81 270 2347 353 371 2348 81 270 2349 276 179 2350 353 371 2351 81 270 2352 354 373 2353 374 367 2354 375 365 2355 353 371 2356 131 269 2357 356 353 2358 369 355 2359 306 93 2360 259 243 2361 368 357 2362 357 370 2363 110 242 2364 357 370 2365 371 362 2366 356 353 2367 147 316 2368 302 105 2369 178 319 2370 331 333 2371 371 362 2372 310 318 2373 178 319 2374 360 361 2375 359 358 2376 187 102 2377 303 104 2378 372 360 2379 302 105 2380 187 102 2381 348 346 2382 374 367 2383 363 366 2384 246 345 2385 363 366 2386 368 357 2387 369 355 2388 362 363 2389 183 315 2390 375 365 2391 305 96 2392 183 315 2393 378 376 2394 379 379 2395 394 377 2396 379 379 2397 377 402 2398 392 380 2399 396 381 2400 383 398 2401 385 382 2402 397 383 2403 385 382 2404 384 384 2405 386 386 2406 388 396 2407 400 387 2408 400 387 2409 388 396 2410 387 389 2411 389 391 2412 391 394 2413 403 392 2414 391 394 2415 390 397 2416 401 395 2417 393 378 2418 394 377 2419 388 396 2420 388 396 2421 394 377 2422 392 380 2423 396 381 2424 397 383 2425 391 394 2426 391 394 2427 397 383 2428 395 385 2429 399 388 2430 400 387 2431 385 382 2432 400 387 2433 398 390 2434 384 384 2435 380 399 2436 402 393 2437 403 392 2438 403 392 2439 401 395 2440 381 401 2441 126 286 2442 319 325 2443 392 380 2444 393 378 2445 312 80 2446 80 288 2447 377 402 2448 379 379 2449 378 376 2450 378 376 2451 80 288 2452 377 402 2453 80 288 2454 285 150 2455 377 402 2456 278 173 2457 129 272 2458 380 399 2459 380 399 2460 382 400 2461 381 401 2462 381 401 2463 79 171 2464 380 399 2465 79 171 2466 381 401 2467 401 395 2468 402 393 2469 380 399 2470 129 272 2471 383 398 2472 396 381 2473 315 69 2474 256 236 2475 395 385 2476 384 384 2477 114 235 2478 384 384 2479 398 390 2480 399 388 2481 383 398 2482 151 323 2483 166 326 2484 328 332 2485 398 390 2486 319 325 2487 166 326 2488 387 389 2489 386 386 2490 175 78 2491 312 80 2492 399 388 2493 311 81 2494 175 78 2495 349 348 2496 401 395 2497 390 397 2498 256 236 2499 250 347 2500 390 397 2501 396 381 2502 389 391 2503 171 322 2504 389 391 2505 402 393 2506 314 72 2507 420 403 2508 408 429 2509 409 404 2510 409 404 2511 407 428 2512 419 406 2513 423 407 2514 410 423 2515 412 408 2516 412 408 2517 411 424 2518 422 410 2519 413 411 2520 415 421 2521 427 412 2522 427 412 2523 415 421 2524 414 414 2525 416 416 2526 418 422 2527 430 417 2528 430 417 2529 418 422 2530 417 419 2531 420 403 2532 421 405 2533 415 421 2534 415 421 2535 421 405 2536 419 406 2537 416 416 2538 423 407 2539 424 409 2540 418 422 2541 424 409 2542 422 410 2543 426 413 2544 427 412 2545 412 408 2546 427 412 2547 425 415 2548 411 424 2549 404 425 2550 429 418 2551 430 417 2552 406 426 2553 430 417 2554 428 420 2555 428 420 2556 321 54 2557 78 280 2558 132 158 2559 292 298 2560 429 418 2561 405 427 2562 78 280 2563 404 425 2564 78 280 2565 283 156 2566 404 425 2567 283 156 2568 132 158 2569 404 425 2570 407 428 2571 127 457 2572 323 48 2573 346 343 2574 85 338 2575 408 429 2576 85 338 2577 344 340 2578 408 429 2579 344 340 2580 127 457 2581 408 429 2582 127 457 2583 407 428 2584 408 429 2585 411 424 2586 155 57 2587 320 59 2588 337 336 2589 102 254 2590 410 423 2591 102 254 2592 265 255 2593 426 413 2594 425 415 2595 324 45 2596 155 57 2597 425 415 2598 414 414 2599 159 328 2600 238 342 2601 413 411 2602 426 413 2603 346 343 2604 420 403 2605 413 411 2606 414 414 2607 419 406 2608 323 48 2609 417 419 2610 163 327 2611 321 54 2612 202 299 2613 416 416 2614 429 418 2615 202 299 2616 337 336 2617 423 407 2618 422 410 2619 320 59 2620 163 327 2621 447 430 2622 432 456 2623 433 431 2624 448 432 2625 433 431 2626 431 433 2627 437 435 2628 439 438 2629 451 436 2630 439 438 2631 438 452 2632 449 439 2633 453 440 2634 440 449 2635 442 441 2636 454 442 2637 442 441 2638 441 443 2639 456 445 2640 443 450 2641 445 446 2642 445 446 2643 444 451 2644 455 448 2645 440 449 2646 447 430 2647 448 432 2648 442 441 2649 448 432 2650 446 434 2651 450 437 2652 451 436 2653 445 446 2654 445 446 2655 451 436 2656 449 439 2657 437 435 2658 453 440 2659 454 442 2660 439 438 2661 454 442 2662 452 444 2663 434 453 2664 456 445 2665 457 447 2666 457 447 2667 455 448 2668 435 455 2669 130 309 2670 301 311 2671 446 434 2672 447 430 2673 294 128 2674 84 301 2675 84 301 2676 345 341 2677 432 456 2678 345 341 2679 130 309 2680 431 433 2681 432 456 2682 431 433 2683 433 431 2684 435 455 2685 83 265 2686 274 185 2687 274 185 2688 133 184 2689 434 453 2690 434 453 2691 436 454 2692 435 455 2693 83 265 2694 435 455 2695 455 448 2696 456 445 2697 434 453 2698 133 184 2699 450 437 2700 297 119 2701 143 304 2702 106 250 2703 262 249 2704 449 439 2705 334 335 2706 106 250 2707 438 452 2708 453 440 2709 437 435 2710 143 304 2711 190 310 2712 334 335 2713 452 444 2714 301 311 2715 190 310 2716 441 443 2717 440 449 2718 199 126 2719 294 128 2720 453 440 2721 293 129 2722 199 126 2723 242 251 2724 347 344 2725 455 448 2726 262 249 2727 242 251 2728 444 451 2729 443 450 2730 195 117 2731 297 119 2732 443 450 2733 456 445 2734 296 120 2735</p>
        </triangles>
      </mesh>
    </geometry>
  </library_geometries>
  <library_visual_scenes>
    <visual_scene id="Scene" name="Scene">
      <node id="Cube" name="Cube" type="NODE">
        <matrix sid="transform">1 0 0 0 0 1 0 0 0 0 1 0 0 0 0 1</matrix>
        <instance_geometry url="#Cube_004-mesh" name="Cube">
          <bind_material>
            <technique_common>
              <instance_material symbol="Material_002-material" target="#Material_002-material">
                <bind_vertex_input semantic="UVMap" input_semantic="TEXCOORD" input_set="0"/>
              </instance_material>
            </technique_common>
          </bind_material>
        </instance_geometry>
      </node>
    </visual_scene>
  </library_visual_scenes>
  <scene>
    <instance_visual_scene url="#Scene"/>
  </scene>
</COLLADA>